timestamp,heart_rate_bpm,spo2,raw_signal
2025-11-30T06:48:12.420262Z,785,98.1,0.03802294877172946
2025-11-30T06:48:12.431909Z,772,98.1,0.02772337422948614
2025-11-30T06:48:12.443307Z,772,98.1,0.00488404491889286
2025-11-30T06:48:12.455625Z,772,98.1,0
2025-11-30T06:48:12.468385Z,758,98.1,0.05814521438665782
2025-11-30T06:48:12.479748Z,758,98.1,0.14087862219720074
2025-11-30T06:48:12.491372Z,758,98.1,0.08846255622004115
2025-11-30T06:48:12.502763Z,759,98.1,0.07096228570958377
2025-11-30T06:48:12.514208Z,759,98.1,0.1376864292750239
2025-11-30T06:48:12.525470Z,759,98.1,0.15079511594080575
2025-11-30T06:48:12.536943Z,759,98.1,0.1306480907713315
2025-11-30T06:48:12.548464Z,759,98.1,0.1671971176125632
2025-11-30T06:48:12.560134Z,759,98.1,0.19904761058400877
2025-11-30T06:48:12.571614Z,759,98.1,0.39378605971273584
2025-11-30T06:48:12.583220Z,759,98.1,0.35744790165572776
2025-11-30T06:48:12.595006Z,747,98.1,0.3403239288269441
2025-11-30T06:48:12.606968Z,747,98.1,0.3226661941784942
2025-11-30T06:48:12.618441Z,747,98.1,0.4121833771015724
2025-11-30T06:48:12.629952Z,747,98.1,0.4541093868712721
2025-11-30T06:48:12.641560Z,729,98.1,0.4773332800277932
2025-11-30T06:48:12.653514Z,729,98.1,0.5275681888807969
2025-11-30T06:48:12.664832Z,711,98.1,0.6310071248779334
2025-11-30T06:48:12.676806Z,626,98.1,0.6308523685979825
2025-11-30T06:48:12.688508Z,623,98.1,0.6524343491547033
2025-11-30T06:48:12.700211Z,639,98.1,0.6404691382820384
2025-11-30T06:48:12.711658Z,639,98.1,0.7015416317940053
2025-11-30T06:48:12.722986Z,639,98.1,0.7586888370502939
2025-11-30T06:48:12.734275Z,653,98.1,0.7455335132869322
2025-11-30T06:48:12.746255Z,653,98.1,0.7923151023384907
2025-11-30T06:48:12.757758Z,653,98.1,0.9548485502058284
2025-11-30T06:48:12.769129Z,667,98.1,0.9122850271738895
2025-11-30T06:48:12.780477Z,664,98.1,0.9366028636607822
2025-11-30T06:48:12.791868Z,680,98.1,0.9092714566799627
2025-11-30T06:48:12.803511Z,680,98.1,0.9228536783403865
2025-11-30T06:48:12.815087Z,680,98.1,0.9463045142361667
2025-11-30T06:48:12.827269Z,680,98.1,0.9540431469581302
2025-11-30T06:48:12.838568Z,680,98.1,1.0024309189011347
2025-11-30T06:48:12.849945Z,680,98.1,1.0836828781177432
2025-11-30T06:48:12.861391Z,687,98.1,1.059994322628912
2025-11-30T06:48:12.872735Z,770,98.1,1.0536631397144822
2025-11-30T06:48:12.884028Z,770,98.1,1.0214423295653596
2025-11-30T06:48:12.895507Z,770,98.1,0.9938408845391457
2025-11-30T06:48:12.906757Z,770,98.1,1.0258064972936443
2025-11-30T06:48:12.918092Z,779,98.1,1.0097550728461107
2025-11-30T06:48:12.929424Z,779,98.1,1.002029168921365
2025-11-30T06:48:12.941232Z,779,98.1,1.0712592985936062
2025-11-30T06:48:12.952630Z,792,98.1,0.9735940770557245
2025-11-30T06:48:12.964302Z,792,98.1,0.9291947346207847
2025-11-30T06:48:12.975801Z,792,98.1,0.9281878859008751
2025-11-30T06:48:12.987441Z,792,98.1,0.8765972139036874
2025-11-30T06:48:12.998756Z,792,98.1,0.8308697071826419
2025-11-30T06:48:13.010232Z,792,98.1,0.8362140730088476
2025-11-30T06:48:13.021638Z,797,98.1,0.7781460129901674
2025-11-30T06:48:13.033279Z,797,98.1,0.8678173299407184
2025-11-30T06:48:13.044924Z,813,98.1,0.8012976469085483
2025-11-30T06:48:13.056881Z,813,98.1,0.7404145344852885
2025-11-30T06:48:13.068613Z,813,98.1,0.6595177131354091
2025-11-30T06:48:13.080387Z,813,98.1,0.6461097529833522
2025-11-30T06:48:13.092246Z,813,98.1,0.6079799136852635
2025-11-30T06:48:13.104037Z,813,98.1,0.5562347576824767
2025-11-30T06:48:13.115334Z,813,98.1,0.5066838970327123
2025-11-30T06:48:13.126661Z,813,98.1,0.5461278641085642
2025-11-30T06:48:13.138330Z,791,98.1,0.4806872181328825
2025-11-30T06:48:13.149599Z,791,98.1,0.38439243035864895
2025-11-30T06:48:13.160865Z,791,98.1,0.37818025860492144
2025-11-30T06:48:13.172489Z,791,98.1,0.33745790998224195
2025-11-30T06:48:13.184839Z,791,98.1,0.2857646843542137
2025-11-30T06:48:13.196708Z,791,98.1,0.229237692416539
2025-11-30T06:48:13.208700Z,791,98.1,0.2375974991084814
2025-11-30T06:48:13.220488Z,791,98.1,0.26977915345159803
2025-11-30T06:48:13.231928Z,791,98.1,0.20025536183592826
2025-11-30T06:48:13.243631Z,791,98.1,0.13788522045697885
2025-11-30T06:48:13.255222Z,791,98.1,0.09722395924620617
2025-11-30T06:48:13.266542Z,791,98.1,0.1112467606093009
2025-11-30T06:48:13.278071Z,791,98.1,0.04887273576439263
2025-11-30T06:48:13.289768Z,791,98.1,0.02639844675086718
2025-11-30T06:48:13.301930Z,791,98.1,0.018314438951847298
2025-11-30T06:48:13.313455Z,813,98.1,0.13269207887769272
2025-11-30T06:48:13.325188Z,813,98.1,0.04388075898484001
2025-11-30T06:48:13.336949Z,806,98.1,0.027067243179183652
2025-11-30T06:48:13.348278Z,806,98.1,0.030417423145931845
2025-11-30T06:48:13.359834Z,806,98.1,0.010505026422823808
2025-11-30T06:48:13.371245Z,806,98.1,0.005727030975813573
2025-11-30T06:48:13.382527Z,806,98.1,0.020718741813640428
2025-11-30T06:48:13.393778Z,792,98.1,0.061235093973362506
2025-11-30T06:48:13.405202Z,792,98.1,0.18868981823788908
2025-11-30T06:48:13.416814Z,792,98.1,0.10273952000451725
2025-11-30T06:48:13.428216Z,779,98.1,0.09992879139368675
2025-11-30T06:48:13.439627Z,779,98.1,0.10789891722353753
2025-11-30T06:48:13.451081Z,779,98.1,0.11601506470365314
2025-11-30T06:48:13.462419Z,770,98.1,0.12917009257118048
2025-11-30T06:48:13.474273Z,770,98.1,0.17522990993302257
2025-11-30T06:48:13.485617Z,770,98.1,0.2357626032010079
2025-11-30T06:48:13.496905Z,770,98.1,0.3620222567912346
2025-11-30T06:48:13.508227Z,770,98.1,0.303309996351414
2025-11-30T06:48:13.520354Z,756,98.1,0.3399731341229007
2025-11-30T06:48:13.532145Z,756,98.1,0.35096008754396896
2025-11-30T06:48:13.544125Z,756,98.1,0.378757543230151
2025-11-30T06:48:13.555554Z,738,98.1,0.4326392526387603
2025-11-30T06:48:13.567229Z,738,98.1,0.4773544693396998
2025-11-30T06:48:13.578995Z,723,98.1,0.5229964330050739
2025-11-30T06:48:13.590711Z,747,98.1,0.6754435381557647
2025-11-30T06:48:13.602549Z,646,98.1,0.6166949570911454
2025-11-30T06:48:13.614283Z,644,98.1,0.6668242478397273
2025-11-30T06:48:13.625906Z,644,98.1,0.6825771938622711
2025-11-30T06:48:13.637147Z,658,98.1,0.6773766527068092
2025-11-30T06:48:13.649826Z,658,98.1,0.7555582447452794
2025-11-30T06:48:13.663175Z,658,98.1,0.7801167535223272
2025-11-30T06:48:13.675873Z,658,98.1,0.813576489160163
2025-11-30T06:48:13.687642Z,658,98.1,0.9301555995683216
2025-11-30T06:48:13.699372Z,667,98.1,0.892691395939773
2025-11-30T06:48:13.710781Z,664,98.1,0.896295419217622
2025-11-30T06:48:13.722061Z,664,98.1,0.9068810087233153
2025-11-30T06:48:13.733705Z,664,98.1,0.9493318425000851
2025-11-30T06:48:13.744970Z,664,98.1,0.9719943940805913
2025-11-30T06:48:13.756692Z,673,98.1,0.9630779914190737
2025-11-30T06:48:13.768394Z,673,98.1,0.976924662956362
2025-11-30T06:48:13.779697Z,673,98.1,1.1253236304829466
2025-11-30T06:48:13.791445Z,687,98.1,1.0566543533513004
2025-11-30T06:48:13.803266Z,770,98.1,1.0092309405673108
2025-11-30T06:48:13.814670Z,770,98.1,0.982884883539742
2025-11-30T06:48:13.826395Z,747,98.1,1.0174941183390236
2025-11-30T06:48:13.838235Z,747,98.1,1.0211916634027658
2025-11-30T06:48:13.849525Z,756,98.1,0.9629972816339166
2025-11-30T06:48:13.861062Z,756,98.1,0.953081792810674
2025-11-30T06:48:13.872745Z,756,98.1,1.0763099448824995
2025-11-30T06:48:13.884072Z,770,98.1,1.0060313129186096
2025-11-30T06:48:13.895627Z,770,98.1,0.9165515878191173
2025-11-30T06:48:13.908020Z,770,98.1,0.9145971485618999
2025-11-30T06:48:13.920227Z,770,98.1,0.9173955461398567
2025-11-30T06:48:13.932032Z,781,98.1,0.8643057393778462
2025-11-30T06:48:13.943808Z,781,98.1,0.8053235285888529
2025-11-30T06:48:13.955343Z,781,98.1,0.8346365832666695
2025-11-30T06:48:13.966658Z,781,98.1,0.8728112238010829
2025-11-30T06:48:13.978696Z,791,98.1,0.7867035570129741
2025-11-30T06:48:13.990028Z,791,98.1,0.694942069964883
2025-11-30T06:48:14.001448Z,791,98.1,0.6768214671554176
2025-11-30T06:48:14.012800Z,791,98.1,0.6455994360544391
2025-11-30T06:48:14.024985Z,791,98.1,0.5665944761853291
2025-11-30T06:48:14.036252Z,791,98.1,0.5339032705449507
2025-11-30T06:48:14.047823Z,791,98.1,0.5006408152460776
2025-11-30T06:48:14.059416Z,791,98.1,0.5517786547556583
2025-11-30T06:48:14.070743Z,791,98.1,0.4687913211669571
2025-11-30T06:48:14.082586Z,791,98.1,0.3875080218823627
2025-11-30T06:48:14.094115Z,791,98.1,0.37666429030970133
2025-11-30T06:48:14.105748Z,791,98.1,0.3068571049738769
2025-11-30T06:48:14.117540Z,791,98.1,0.304243354792116
2025-11-30T06:48:14.129168Z,791,98.1,0.2534898556643487
2025-11-30T06:48:14.140484Z,791,98.1,0.20270819644727356
2025-11-30T06:48:14.152498Z,791,98.1,0.28113914396423767
2025-11-30T06:48:14.164366Z,791,98.1,0.20923428745945558
2025-11-30T06:48:14.175657Z,791,98.1,0.12021393817566958
2025-11-30T06:48:14.187044Z,791,98.1,0.09264361486918266
2025-11-30T06:48:14.198632Z,791,98.1,0.10624767921681606
2025-11-30T06:48:14.211296Z,791,98.1,0.053597526439807766
2025-11-30T06:48:14.222610Z,791,98.1,0.029477241685528833
2025-11-30T06:48:14.233859Z,791,98.1,0.05460819501691052
2025-11-30T06:48:14.245115Z,791,98.1,0.1344055617141326
2025-11-30T06:48:14.256405Z,791,98.1,0.01318237765758045
2025-11-30T06:48:14.267752Z,778,98.1,0.03309750169421534
2025-11-30T06:48:14.279757Z,778,98.1,0.03689327688843907
2025-11-30T06:48:14.291043Z,778,98.1,0
2025-11-30T06:48:14.302873Z,770,98.1,0
2025-11-30T06:48:14.314131Z,770,98.1,0.039989493802359055
2025-11-30T06:48:14.325416Z,770,98.1,0.009065263426906457
2025-11-30T06:48:14.337216Z,770,98.1,0.15905924588836504
2025-11-30T06:48:14.348477Z,770,98.1,0.10130707610043341
2025-11-30T06:48:14.359865Z,770,98.1,0.09414014131783481
2025-11-30T06:48:14.371620Z,770,98.1,0.0905146950630351
2025-11-30T06:48:14.382932Z,770,98.1,0.11367842345991545
2025-11-30T06:48:14.394653Z,770,98.1,0.13129348782438927
2025-11-30T06:48:14.406118Z,770,98.1,0.20805479020886988
2025-11-30T06:48:14.417390Z,770,98.1,0.2045275616230529
2025-11-30T06:48:14.428987Z,770,98.1,0.3354475937140144
2025-11-30T06:48:14.440540Z,770,98.1,0.31283629294125176
2025-11-30T06:48:14.452088Z,759,98.1,0.33519439401381745
2025-11-30T06:48:14.463441Z,783,98.1,0.37350907000856376
2025-11-30T06:48:14.475372Z,783,98.1,0.4080843140779894
2025-11-30T06:48:14.486863Z,783,98.1,0.4300376146583179
2025-11-30T06:48:14.498637Z,771,98.1,0.45887526590202654
2025-11-30T06:48:14.510303Z,771,98.1,0.5184646034504697
2025-11-30T06:48:14.521576Z,771,98.1,0.6323534450423592
2025-11-30T06:48:14.533239Z,667,98.1,0.6207472263420145
2025-11-30T06:48:14.544656Z,664,98.1,0.6188062290006948
2025-11-30T06:48:14.556533Z,664,98.1,0.6721304985953737
2025-11-30T06:48:14.568125Z,664,98.1,0.6809098541741471
2025-11-30T06:48:14.580023Z,664,98.1,0.7512041091209978
2025-11-30T06:48:14.591294Z,673,98.0,0.7265676912784443
2025-11-30T06:48:14.602655Z,673,98.0,0.8024894573746076
2025-11-30T06:48:14.614114Z,673,98.0,0.94333396567182
2025-11-30T06:48:14.626398Z,687,98.0,0.914047711994554
2025-11-30T06:48:14.637636Z,685,98.0,0.8895411484452964
2025-11-30T06:48:14.649074Z,685,98.0,0.9150718715985273
2025-11-30T06:48:14.660281Z,685,98.0,0.9231296940955661
2025-11-30T06:48:14.671765Z,685,98.0,0.9451554491737116
2025-11-30T06:48:14.683062Z,694,98.1,0.9433086095769935
2025-11-30T06:48:14.694420Z,694,98.1,0.9703244025803398
2025-11-30T06:48:14.705741Z,694,98.1,1.0999297123838205
2025-11-30T06:48:14.717665Z,707,98.1,1.0450396038632401
2025-11-30T06:48:14.728884Z,797,98.1,0.984273827168169
2025-11-30T06:48:14.740486Z,797,98.1,1.0253046140107152
2025-11-30T06:48:14.752312Z,811,98.1,0.9807287732323615
2025-11-30T06:48:14.763870Z,811,98.1,0.9700802474746877
2025-11-30T06:48:14.775535Z,811,98.1,0.9707017553057907
2025-11-30T06:48:14.787218Z,824,98.1,0.9420549092820527
2025-11-30T06:48:14.798967Z,824,98.1,1.0793707476414562
2025-11-30T06:48:14.810671Z,841,98.1,0.9895088833287752
2025-11-30T06:48:14.822246Z,818,98.1,0.9443633950610516
2025-11-30T06:48:14.833595Z,818,98.1,0.9252297821234882
2025-11-30T06:48:14.845020Z,818,98.1,0.8851102086481735
2025-11-30T06:48:14.857039Z,818,98.1,0.8712249549657015
2025-11-30T06:48:14.868339Z,818,98.1,0.8076697614395898
2025-11-30T06:48:14.880019Z,818,98.1,0.7752400652801723
2025-11-30T06:48:14.891558Z,818,98.1,0.8874854683457978
2025-11-30T06:48:14.903116Z,816,98.1,0.7803216809211325
2025-11-30T06:48:14.914610Z,816,98.1,0.6754146155327233
2025-11-30T06:48:14.926609Z,816,98.1,0.6433558413297424
2025-11-30T06:48:14.938272Z,816,98.1,0.6008444385893958
2025-11-30T06:48:14.949850Z,816,98.1,0.5540484041721276
2025-11-30T06:48:14.962305Z,816,98.1,0.5650993908986952
2025-11-30T06:48:14.974628Z,816,98.1,0.5037918798143526
2025-11-30T06:48:14.985871Z,816,98.1,0.5762863203560126
2025-11-30T06:48:14.997151Z,816,98.1,0.43756171792366916
2025-11-30T06:48:15.008662Z,816,98.0,0.4270635256432511
2025-11-30T06:48:15.020314Z,816,98.0,0.32757478976534843
2025-11-30T06:48:15.031678Z,816,98.0,0.29475287284562407
2025-11-30T06:48:15.043796Z,816,98.0,0.24754099898925153
2025-11-30T06:48:15.055586Z,816,98.0,0.2492508035332834
2025-11-30T06:48:15.067133Z,816,98.0,0.21614899780058397
2025-11-30T06:48:15.078919Z,816,98.0,0.2824406915338654
2025-11-30T06:48:15.090394Z,816,98.0,0.16039957892753792
2025-11-30T06:48:15.102289Z,816,98.0,0.11185276004910848
2025-11-30T06:48:15.113701Z,816,98.0,0.12122353284458114
2025-11-30T06:48:15.125164Z,816,98.0,0.07755620586763635
2025-11-30T06:48:15.137026Z,816,98.0,0.05207799847180256
2025-11-30T06:48:15.148468Z,816,98.0,0.05510152359657815
2025-11-30T06:48:15.160199Z,816,98.1,0.016794003444894588
2025-11-30T06:48:15.171869Z,816,98.1,0.11920053339780894
2025-11-30T06:48:15.183524Z,816,98.1,0.032874791244418354
2025-11-30T06:48:15.195488Z,816,98.1,0.022204265521375187
2025-11-30T06:48:15.206749Z,818,98.1,0.008049369002405765
2025-11-30T06:48:15.218399Z,818,98.1,0
2025-11-30T06:48:15.229698Z,818,98.1,0.011926127704000786
2025-11-30T06:48:15.241273Z,818,98.1,0.02507957573589189
2025-11-30T06:48:15.252961Z,818,98.1,0.013285839858488111
2025-11-30T06:48:15.264518Z,818,98.1,0.17765962863096138
2025-11-30T06:48:15.276116Z,818,98.1,0.0774295831172641
2025-11-30T06:48:15.287678Z,818,98.1,0.07481654401243978
2025-11-30T06:48:15.299362Z,802,98.1,0.08929069788833896
2025-11-30T06:48:15.310928Z,802,98.1,0.10781003548477557
2025-11-30T06:48:15.322972Z,785,98.1,0.14530736061722613
2025-11-30T06:48:15.334231Z,784,98.1,0.15534803026885585
2025-11-30T06:48:15.345583Z,789,98.1,0.1906668232330253
2025-11-30T06:48:15.357154Z,789,98.1,0.3526415063789498
2025-11-30T06:48:15.368946Z,773,98.1,0.32514731717202117
2025-11-30T06:48:15.382596Z,773,98.1,0.3365945945119094
2025-11-30T06:48:15.395995Z,788,98.1,0.314896325661386
2025-11-30T06:48:15.410853Z,788,98.1,0.3943885102000847
2025-11-30T06:48:15.422703Z,788,98.1,0.4160202440145632
2025-11-30T06:48:15.434266Z,788,98.1,0.4750907652613889
2025-11-30T06:48:15.445662Z,788,98.1,0.506216229234154
2025-11-30T06:48:15.457323Z,773,98.1,0.6117483905116436
2025-11-30T06:48:15.468975Z,773,98.1,0.6312448544745755
2025-11-30T06:48:15.480302Z,797,98.1,0.640621771989799
2025-11-30T06:48:15.492003Z,798,98.1,0.6860643149310874
2025-11-30T06:48:15.503540Z,798,98.0,0.6982315138653304
2025-11-30T06:48:15.515221Z,798,98.0,0.7092703563217165
2025-11-30T06:48:15.526683Z,798,98.0,0.7713136704631283
2025-11-30T06:48:15.537965Z,798,98.0,0.7884266032686655
2025-11-30T06:48:15.549237Z,798,98.0,0.9456141747953747
2025-11-30T06:48:15.560647Z,689,98.0,0.8853994385251114
2025-11-30T06:48:15.572477Z,689,98.0,0.9171096692002276
2025-11-30T06:48:15.583978Z,694,98.0,0.8936989141736394
2025-11-30T06:48:15.596405Z,694,98.0,0.9138688156069386
2025-11-30T06:48:15.608046Z,694,98.0,0.9692252194150636
2025-11-30T06:48:15.619325Z,707,98.0,0.9637253374379843
2025-11-30T06:48:15.631204Z,696,98.0,0.9457184273875611
2025-11-30T06:48:15.644104Z,696,98.1,1.1144437615549985
2025-11-30T06:48:15.656858Z,689,98.1,1.0047295015974276
2025-11-30T06:48:15.668881Z,689,98.1,1.0230138675594929
2025-11-30T06:48:15.680306Z,791,98.1,0.9886536706584411
2025-11-30T06:48:15.692084Z,791,98.1,0.9806524589204265
2025-11-30T06:48:15.703924Z,791,98.1,0.9800387598123176
2025-11-30T06:48:15.716959Z,791,98.1,0.9989851579047476
2025-11-30T06:48:15.729004Z,802,98.1,0.9509691875234251
2025-11-30T06:48:15.741532Z,779,98.1,1.0481237438626039
2025-11-30T06:48:15.754013Z,795,98.1,0.9944984198873051
2025-11-30T06:48:15.765685Z,795,98.1,0.9362094289815885
2025-11-30T06:48:15.778078Z,795,98.1,0.8904105987049429
2025-11-30T06:48:15.790776Z,773,98.1,0.8877736805103276
2025-11-30T06:48:15.802823Z,773,98.1,0.8514213452432119
2025-11-30T06:48:15.815545Z,773,98.1,0.8018782093304304
2025-11-30T06:48:15.826850Z,773,98.1,0.7647719077513091
2025-11-30T06:48:15.838810Z,773,98.1,0.8554233724361386
2025-11-30T06:48:15.851194Z,772,98.1,0.7475407137751938
2025-11-30T06:48:15.863158Z,772,98.1,0.717944092580626
2025-11-30T06:48:15.875183Z,772,98.1,0.6396754856368562
2025-11-30T06:48:15.887703Z,772,98.1,0.6278660153827547
2025-11-30T06:48:15.899921Z,772,98.1,0.5659942563531057
2025-11-30T06:48:15.912047Z,772,98.1,0.5284917287612444
2025-11-30T06:48:15.924339Z,772,98.1,0.4701116845624659
2025-11-30T06:48:15.936851Z,772,98.1,0.5546251922881876
2025-11-30T06:48:15.948617Z,772,98.1,0.43605407831922144
2025-11-30T06:48:15.961542Z,772,98.0,0.4184336621830624
2025-11-30T06:48:15.973751Z,772,98.0,0.3246859091906189
2025-11-30T06:48:15.985288Z,772,98.0,0.3026085845224883
2025-11-30T06:48:15.997901Z,772,98.0,0.26440687969018456
2025-11-30T06:48:16.009365Z,772,98.0,0.23132278888466593
2025-11-30T06:48:16.021350Z,772,98.0,0.22495226676282107
2025-11-30T06:48:16.033447Z,772,98.0,0.26687227447678546
2025-11-30T06:48:16.045702Z,772,98.0,0.19975943290085516
2025-11-30T06:48:16.057716Z,772,98.0,0.11007626570074994
2025-11-30T06:48:16.069210Z,772,98.0,0.08004267692644475
2025-11-30T06:48:16.080453Z,772,98.0,0.09645752170067809
2025-11-30T06:48:16.092904Z,772,98.0,0.03476385420489356
2025-11-30T06:48:16.105748Z,772,98.0,0.04371476124140977
2025-11-30T06:48:16.117537Z,772,98.1,0.005768897589658765
2025-11-30T06:48:16.129608Z,772,98.1,0.097768478867811
2025-11-30T06:48:16.142320Z,772,98.1,0.02702281073195105
2025-11-30T06:48:16.154119Z,772,98.1,0.03904283167832344
2025-11-30T06:48:16.166294Z,756,98.1,0.011932251733972239
2025-11-30T06:48:16.177598Z,756,98.1,0
2025-11-30T06:48:16.190342Z,742,98.1,0
2025-11-30T06:48:16.202401Z,742,98.1,0
2025-11-30T06:48:16.214740Z,742,98.1,0.018355208017707667
2025-11-30T06:48:16.226969Z,727,98.1,0.11715316748415887
2025-11-30T06:48:16.238505Z,727,98.1,0.09555972813921802
2025-11-30T06:48:16.250234Z,727,98.1,0.0882768777810288
2025-11-30T06:48:16.262353Z,710,98.1,0.12010918090945408
2025-11-30T06:48:16.274025Z,710,98.1,0.10802266870806475
2025-11-30T06:48:16.286360Z,727,98.1,0.12338325805329803
2025-11-30T06:48:16.298762Z,727,98.1,0.13496554195128238
2025-11-30T06:48:16.310896Z,727,98.1,0.211281746755674
2025-11-30T06:48:16.322382Z,727,98.1,0.3168517548940994
2025-11-30T06:48:16.334019Z,750,98.1,0.30153818878940486
2025-11-30T06:48:16.345637Z,750,98.1,0.3153136212061243
2025-11-30T06:48:16.356993Z,741,98.1,0.3416655535356607
2025-11-30T06:48:16.368837Z,741,98.1,0.3415646512052119
2025-11-30T06:48:16.380108Z,741,98.1,0.40336065578460756
2025-11-30T06:48:16.391965Z,764,98.1,0.45241721892906006
2025-11-30T06:48:16.403222Z,764,98.1,0.4898726594766297
2025-11-30T06:48:16.414949Z,750,98.1,0.6477698637408609
2025-11-30T06:48:16.426541Z,669,98.1,0.6275702879204913
2025-11-30T06:48:16.438310Z,689,98.1,0.6047104411049105
2025-11-30T06:48:16.449541Z,683,98.0,0.6734324422508793
2025-11-30T06:48:16.461173Z,696,98.0,0.6616054268076588
2025-11-30T06:48:16.472880Z,696,98.0,0.7050848989021606
2025-11-30T06:48:16.484146Z,696,98.0,0.7442157665043074
2025-11-30T06:48:16.495483Z,696,98.0,0.765474953650003
2025-11-30T06:48:16.508312Z,696,98.0,0.9363782020263851
2025-11-30T06:48:16.519687Z,689,98.0,0.9079369799307047
2025-11-30T06:48:16.532842Z,689,98.0,0.8783084589345838
2025-11-30T06:48:16.544600Z,688,98.0,0.9065174930957351
2025-11-30T06:48:16.556861Z,701,98.0,0.9004191610631629
2025-11-30T06:48:16.568576Z,701,98.0,0.9248129520055698
2025-11-30T06:48:16.581316Z,701,98.0,0.9295070295612756
2025-11-30T06:48:16.593184Z,701,98.0,0.9447436349151922
2025-11-30T06:48:16.604680Z,701,98.1,1.0898900751780074
2025-11-30T06:48:16.616739Z,797,98.1,1.0540080507755323
2025-11-30T06:48:16.628496Z,797,98.1,0.9969853573612393
2025-11-30T06:48:16.640903Z,797,98.1,0.9619959508604915
2025-11-30T06:48:16.653557Z,773,98.1,1.0186382618997618
2025-11-30T06:48:16.665829Z,785,98.1,1.0030501926845905
2025-11-30T06:48:16.677859Z,762,98.1,1.0047367755588859
2025-11-30T06:48:16.689759Z,779,98.1,0.9600335186380093
2025-11-30T06:48:16.701377Z,779,98.1,1.0877966391852685
2025-11-30T06:48:16.712906Z,795,98.1,0.978072002488084
2025-11-30T06:48:16.724743Z,773,98.1,0.9649687759222898
2025-11-30T06:48:16.736647Z,773,98.1,0.919014676909674
2025-11-30T06:48:16.748217Z,773,98.1,0.8757396034890341
2025-11-30T06:48:16.760697Z,773,98.1,0.8377028853929925
2025-11-30T06:48:16.772760Z,773,98.1,0.7960532884204292
2025-11-30T06:48:16.785864Z,750,98.1,0.7832428316119027
2025-11-30T06:48:16.798256Z,750,98.1,0.8793470136728672
2025-11-30T06:48:16.809844Z,750,98.1,0.7346990244646677
2025-11-30T06:48:16.822246Z,750,98.1,0.6891731504005415
2025-11-30T06:48:16.834560Z,750,98.1,0.6487410106011272
2025-11-30T06:48:16.847399Z,750,98.1,0.601972786552687
2025-11-30T06:48:16.859726Z,750,98.1,0.5866415580044455
2025-11-30T06:48:16.872178Z,750,98.1,0.5603358610678936
2025-11-30T06:48:16.884636Z,750,98.1,0.5110068760777432
2025-11-30T06:48:16.896346Z,750,98.1,0.5725775361335936
2025-11-30T06:48:16.908522Z,750,98.1,0.4508179790380555
2025-11-30T06:48:16.920769Z,750,98.0,0.379193093169479
2025-11-30T06:48:16.932547Z,750,98.0,0.3155724523676805
2025-11-30T06:48:16.944672Z,750,98.0,0.31338348439974184
2025-11-30T06:48:16.956888Z,750,98.0,0.25610149147390066
2025-11-30T06:48:16.969445Z,750,98.0,0.21623746691648413
2025-11-30T06:48:16.981760Z,750,98.0,0.17246382529873325
2025-11-30T06:48:16.994730Z,750,98.0,0.2900285323354043
2025-11-30T06:48:17.007080Z,750,98.0,0.19691063874498105
2025-11-30T06:48:17.020019Z,750,98.0,0.1402571772415319
2025-11-30T06:48:17.031962Z,750,98.0,0.08460365963271488
2025-11-30T06:48:17.044610Z,750,98.0,0.04682194910151444
2025-11-30T06:48:17.056522Z,750,98.0,0.055194752073228645
2025-11-30T06:48:17.068633Z,750,98.1,0.04311103621493173
2025-11-30T06:48:17.081231Z,750,98.1,0.009681842224351585
2025-11-30T06:48:17.093048Z,750,98.1,0.10263093345870962
2025-11-30T06:48:17.105176Z,750,98.1,0.06283580243689203
2025-11-30T06:48:17.117272Z,750,98.1,0
2025-11-30T06:48:17.129434Z,736,98.1,0
2025-11-30T06:48:17.141376Z,736,98.1,0
2025-11-30T06:48:17.153954Z,736,98.1,0.00808505131191109
2025-11-30T06:48:17.166282Z,727,98.1,0.006685296002678895
2025-11-30T06:48:17.178629Z,727,98.1,0.024412505056381914
2025-11-30T06:48:17.191353Z,727,98.1,0.12050004587304228
2025-11-30T06:48:17.204499Z,727,98.1,0.11042258938586515
2025-11-30T06:48:17.216901Z,727,98.1,0.07582511810258367
2025-11-30T06:48:17.229233Z,741,98.1,0.09655121702649457
2025-11-30T06:48:17.241610Z,742,98.1,0.11841043942653344
2025-11-30T06:48:17.254117Z,742,98.1,0.14098626103265907
2025-11-30T06:48:17.266473Z,742,98.1,0.1993848744988101
2025-11-30T06:48:17.278905Z,764,98.1,0.22324418834761248
2025-11-30T06:48:17.291492Z,750,98.1,0.34880331044908564
2025-11-30T06:48:17.303119Z,750,98.1,0.2945018373625533
2025-11-30T06:48:17.315965Z,750,98.1,0.2979277928642362
2025-11-30T06:48:17.328381Z,764,98.1,0.3435432942536295
2025-11-30T06:48:17.340779Z,788,98.1,0.39824110786432276
2025-11-30T06:48:17.353166Z,788,98.1,0.4042771326146306
2025-11-30T06:48:17.365186Z,788,98.1,0.471615649087331
2025-11-30T06:48:17.377336Z,788,98.1,0.49064648275678896
2025-11-30T06:48:17.389265Z,773,98.1,0.631130271840959
2025-11-30T06:48:17.400632Z,689,98.1,0.5844801151968937
2025-11-30T06:48:17.413179Z,689,98.1,0.6180864164665085
2025-11-30T06:48:17.425259Z,678,98.0,0.6319290007384174
2025-11-30T06:48:17.437523Z,678,98.0,0.6739541200376077
2025-11-30T06:48:17.449916Z,678,98.0,0.6888062329770677
2025-11-30T06:48:17.462170Z,678,98.0,0.7400401906057557
2025-11-30T06:48:17.474405Z,667,98.0,0.7643245358766609
2025-11-30T06:48:17.486934Z,667,98.0,0.9131334321640475
2025-11-30T06:48:17.499096Z,669,98.0,0.8790170147371806
2025-11-30T06:48:17.512006Z,669,98.0,0.9156994302309223
2025-11-30T06:48:17.523997Z,667,98.0,0.9195500281247816
2025-11-30T06:48:17.535473Z,667,98.0,0.9399090807255179
2025-11-30T06:48:17.546915Z,667,98.0,0.9520699915684032
2025-11-30T06:48:17.558756Z,676,98.0,0.9330056345557006
2025-11-30T06:48:17.571135Z,676,98.0,0.9496168934266765
2025-11-30T06:48:17.583476Z,676,98.1,1.0703108287867449
2025-11-30T06:48:17.595869Z,689,98.1,1.0451142867002845
2025-11-30T06:48:17.608849Z,689,98.1,0.9924513788027112
2025-11-30T06:48:17.620546Z,773,98.1,0.9931003408105209
2025-11-30T06:48:17.632947Z,773,98.1,0.9944858495809351
2025-11-30T06:48:17.645106Z,785,98.1,0.9944571508869786
2025-11-30T06:48:17.657595Z,785,98.1,0.9533514957060804
2025-11-30T06:48:17.669588Z,785,98.1,0.9640949691049039
2025-11-30T06:48:17.681925Z,762,98.1,1.03969044799133
2025-11-30T06:48:17.693473Z,773,98.1,0.9858566686511041
2025-11-30T06:48:17.705478Z,773,98.1,0.8983458027440442
2025-11-30T06:48:17.717858Z,773,98.1,0.923309677798721
2025-11-30T06:48:17.729499Z,764,98.1,0.9039845915433207
2025-11-30T06:48:17.741899Z,764,98.1,0.8660215988225838
2025-11-30T06:48:17.754587Z,764,98.1,0.8201529853046491
2025-11-30T06:48:17.766770Z,742,98.1,0.7608371029920196
2025-11-30T06:48:17.779303Z,719,98.1,0.8822936039991707
2025-11-30T06:48:17.791678Z,728,98.1,0.7517249000983237
2025-11-30T06:48:17.804321Z,728,98.1,0.7096223397747945
2025-11-30T06:48:17.817026Z,728,98.1,0.6625994823993566
2025-11-30T06:48:17.828999Z,728,98.1,0.5881915605836352
2025-11-30T06:48:17.841262Z,728,98.1,0.5547004110173556
2025-11-30T06:48:17.853498Z,728,98.1,0.517650794746484
2025-11-30T06:48:17.866145Z,728,98.1,0.49065862830333673
2025-11-30T06:48:17.878422Z,728,98.1,0.5452102920250838
2025-11-30T06:48:17.890883Z,728,98.1,0.4191850943888205
2025-11-30T06:48:17.904620Z,728,98.0,0.3502367680819217
2025-11-30T06:48:17.917111Z,728,98.0,0.372408976762755
2025-11-30T06:48:17.928792Z,728,98.0,0.31152862615204524
2025-11-30T06:48:17.940848Z,728,98.0,0.2448586511045502
2025-11-30T06:48:17.953295Z,728,98.0,0.20123051669732622
2025-11-30T06:48:17.965500Z,728,98.0,0.18314649689894583
2025-11-30T06:48:17.977551Z,728,98.0,0.2801164868454521
2025-11-30T06:48:17.990039Z,728,98.0,0.18314486466342864
2025-11-30T06:48:18.001589Z,728,98.0,0.12422937040594331
2025-11-30T06:48:18.014118Z,728,98.0,0.12822183089401373
2025-11-30T06:48:18.027677Z,728,98.0,0.09468493606744224
2025-11-30T06:48:18.039414Z,728,98.0,0.04385957931331852
2025-11-30T06:48:18.051451Z,728,98.0,0.00823887938975609
2025-11-30T06:48:18.063477Z,728,98.1,0.02253822819434177
2025-11-30T06:48:18.076159Z,728,98.1,0.09179076508921795
2025-11-30T06:48:18.088253Z,728,98.1,0.04593318801894443
2025-11-30T06:48:18.100386Z,728,98.1,0
2025-11-30T06:48:18.111897Z,719,98.1,0
2025-11-30T06:48:18.124657Z,719,98.1,0.004449964142847877
2025-11-30T06:48:18.136866Z,719,98.1,0
2025-11-30T06:48:18.149292Z,719,98.1,0.042682199254761584
2025-11-30T06:48:18.161286Z,719,98.1,0.0381874570044535
2025-11-30T06:48:18.172964Z,705,98.1,0.13824790980775323
2025-11-30T06:48:18.184910Z,727,98.1,0.08073526812836522
2025-11-30T06:48:18.196502Z,727,98.1,0.08411006236669022
2025-11-30T06:48:18.208211Z,741,98.1,0.09191442750080968
2025-11-30T06:48:18.220094Z,741,98.1,0.12614637456078379
2025-11-30T06:48:18.232060Z,764,98.1,0.10747212476877555
2025-11-30T06:48:18.243583Z,764,98.1,0.18158352661925498
2025-11-30T06:48:18.255269Z,764,98.1,0.1684324709217422
2025-11-30T06:48:18.267415Z,750,98.1,0.348327867031441
2025-11-30T06:48:18.279382Z,773,98.1,0.287753182880256
2025-11-30T06:48:18.291250Z,773,98.1,0.31882866860362474
2025-11-30T06:48:18.303335Z,759,98.1,0.3244632961851357
2025-11-30T06:48:18.315609Z,759,98.1,0.3641442114160143
2025-11-30T06:48:18.326994Z,759,98.1,0.4207897766312769
2025-11-30T06:48:18.338959Z,744,98.1,0.4491362596151173
2025-11-30T06:48:18.351417Z,744,98.1,0.5082769213112293
2025-11-30T06:48:18.363427Z,744,98.1,0.6247594143197328
2025-11-30T06:48:18.375997Z,727,98.1,0.6253541183377875
2025-11-30T06:48:18.389703Z,727,98.1,0.6255518753934933
2025-11-30T06:48:18.402778Z,726,98.0,0.658127610650856
2025-11-30T06:48:18.415398Z,726,98.0,0.6735126287064125
2025-11-30T06:48:18.427451Z,726,98.0,0.71713644126429
2025-11-30T06:48:18.439961Z,726,98.0,0.779857300101223
2025-11-30T06:48:18.452393Z,633,98.0,0.777718597568936
2025-11-30T06:48:18.464194Z,633,98.0,0.9343769486552266
2025-11-30T06:48:18.476351Z,649,98.0,0.8780915423365047
2025-11-30T06:48:18.487669Z,649,98.0,0.8631848594899674
2025-11-30T06:48:18.500235Z,641,98.0,0.9133039061225228
2025-11-30T06:48:18.511802Z,655,98.0,0.9007597095891775
2025-11-30T06:48:18.523582Z,655,98.0,0.9421603665931825
2025-11-30T06:48:18.535858Z,655,98.0,0.9883374179578405
2025-11-30T06:48:18.548477Z,669,98.0,0.983588192155003
2025-11-30T06:48:18.559954Z,669,98.1,1.0685482453208686
2025-11-30T06:48:18.573005Z,669,98.1,1.0202472363983919
2025-11-30T06:48:18.585049Z,669,98.1,0.9877899275456783
2025-11-30T06:48:18.597227Z,774,98.1,0.9823024559221218
2025-11-30T06:48:18.611390Z,774,98.1,0.9936985883183111
2025-11-30T06:48:18.622786Z,762,98.1,0.9793618089451815
2025-11-30T06:48:18.634691Z,762,98.1,1.0002478346625898
2025-11-30T06:48:18.647204Z,780,98.1,0.9453855221189491
2025-11-30T06:48:18.659472Z,780,98.1,1.0395652255584684
2025-11-30T06:48:18.671381Z,773,98.1,0.9946620179699487
2025-11-30T06:48:18.683962Z,773,98.1,0.9182020487061021
2025-11-30T06:48:18.695730Z,773,98.1,0.8787314883440649
2025-11-30T06:48:18.708308Z,773,98.1,0.8976667641673245
2025-11-30T06:48:18.720659Z,785,98.1,0.8440361029121565
2025-11-30T06:48:18.733218Z,785,98.1,0.8142237897505527
2025-11-30T06:48:18.745521Z,785,98.1,0.7629488836513516
2025-11-30T06:48:18.758245Z,762,98.1,0.8761313491487787
2025-11-30T06:48:18.770710Z,773,98.1,0.784332699117269
2025-11-30T06:48:18.783483Z,773,98.1,0.679357568121378
2025-11-30T06:48:18.795634Z,773,98.1,0.6490250694829907
2025-11-30T06:48:18.808175Z,773,98.1,0.64267978531677
2025-11-30T06:48:18.820663Z,773,98.1,0.5894862139970544
2025-11-30T06:48:18.832706Z,773,98.1,0.5308490293960717
2025-11-30T06:48:18.846476Z,773,98.1,0.4970340797473142
2025-11-30T06:48:18.860450Z,773,98.1,0.5502449652325854
2025-11-30T06:48:18.872015Z,773,98.1,0.46344153764560986
2025-11-30T06:48:18.884360Z,773,98.0,0.4261635778058709
2025-11-30T06:48:18.896552Z,773,98.0,0.3313064816453875
2025-11-30T06:48:18.909589Z,773,98.0,0.29689612905072843
2025-11-30T06:48:18.921972Z,773,98.0,0.2641323633246064
2025-11-30T06:48:18.934240Z,773,98.0,0.25107236017721973
2025-11-30T06:48:18.946389Z,773,98.0,0.17996750570030504
2025-11-30T06:48:18.958700Z,773,98.0,0.3070512935560349
2025-11-30T06:48:18.971631Z,773,98.0,0.20656504571270054
2025-11-30T06:48:18.983822Z,773,98.0,0.08982750391766768
2025-11-30T06:48:18.995235Z,773,98.0,0.13011085377199544
2025-11-30T06:48:19.008255Z,773,98.0,0.05912624933373997
2025-11-30T06:48:19.020643Z,773,98.0,0.03942630850192698
2025-11-30T06:48:19.032904Z,773,98.0,0.058764487254000845
2025-11-30T06:48:19.045335Z,773,98.1,0.008203214592796453
2025-11-30T06:48:19.057483Z,773,98.1,0.13387853052294352
2025-11-30T06:48:19.069866Z,773,98.1,0.06058558034288458
2025-11-30T06:48:19.082096Z,773,98.1,0
2025-11-30T06:48:19.094905Z,773,98.1,0
2025-11-30T06:48:19.107561Z,773,98.1,0.0026171447290976213
2025-11-30T06:48:19.119796Z,773,98.1,0.019106882521032608
2025-11-30T06:48:19.132808Z,773,98.1,0.007458609264436471
2025-11-30T06:48:19.144957Z,773,98.1,0
2025-11-30T06:48:19.157067Z,773,98.1,0.16252855838536182
2025-11-30T06:48:19.169198Z,773,98.1,0.0717197520112036
2025-11-30T06:48:19.181205Z,795,98.1,0.08769774288181326
2025-11-30T06:48:19.192738Z,779,98.1,0.06346983493469753
2025-11-30T06:48:19.204267Z,779,98.1,0.08231045778742176
2025-11-30T06:48:19.216879Z,764,98.1,0.1490355396460832
2025-11-30T06:48:19.229180Z,764,98.1,0.1967967712361709
2025-11-30T06:48:19.241779Z,764,98.1,0.21282664086134062
2025-11-30T06:48:19.254128Z,750,98.1,0.3289305842296336
2025-11-30T06:48:19.266640Z,773,98.1,0.300441254974719
2025-11-30T06:48:19.278949Z,773,98.1,0.3065924783871733
2025-11-30T06:48:19.291351Z,756,98.1,0.35341137336762773
2025-11-30T06:48:19.304182Z,756,98.1,0.3869367185281752
2025-11-30T06:48:19.316343Z,767,98.1,0.42435499746500854
2025-11-30T06:48:19.328515Z,767,98.1,0.47562441515297343
2025-11-30T06:48:19.341194Z,767,98.1,0.5052754827676385
2025-11-30T06:48:19.353899Z,767,98.1,0.6206089334093337
2025-11-30T06:48:19.366325Z,750,98.1,0.6286285989918828
2025-11-30T06:48:19.378748Z,667,98.0,0.6122991242115645
2025-11-30T06:48:19.391072Z,664,98.0,0.638958457393251
2025-11-30T06:48:19.404211Z,664,98.0,0.6585979229210067
2025-11-30T06:48:19.416432Z,664,98.0,0.6993841990510183
2025-11-30T06:48:19.428684Z,664,98.0,0.7467412913880045
2025-11-30T06:48:19.440821Z,664,98.0,0.79517580421734
2025-11-30T06:48:19.452458Z,664,98.0,0.9285953262154697
2025-11-30T06:48:19.464785Z,669,98.0,0.8652594556162025
2025-11-30T06:48:19.476917Z,669,98.0,0.8868716020915247
2025-11-30T06:48:19.488678Z,667,98.0,0.9116804769707394
2025-11-30T06:48:19.501346Z,667,98.0,0.933017944287114
2025-11-30T06:48:19.513943Z,667,98.0,0.9367250594881473
2025-11-30T06:48:19.525498Z,667,98.0,0.9504134308702435
2025-11-30T06:48:19.538399Z,667,98.0,0.9806447469083523
2025-11-30T06:48:19.550109Z,667,98.1,1.078093797950722
2025-11-30T06:48:19.562049Z,669,98.1,1.015510969462925
2025-11-30T06:48:19.574472Z,669,98.1,1.0380984219428444
2025-11-30T06:48:19.586742Z,767,98.1,0.9810800091243526
2025-11-30T06:48:19.598898Z,767,98.1,0.985468450623576
2025-11-30T06:48:19.610723Z,744,98.1,1.0116103812947186
2025-11-30T06:48:19.622803Z,759,98.1,1.0013938586086157
2025-11-30T06:48:19.635105Z,736,98.1,0.9981133807131604
2025-11-30T06:48:19.647361Z,736,98.1,1.0561774793929286
2025-11-30T06:48:19.659484Z,750,98.1,0.9772628505255481
2025-11-30T06:48:19.671807Z,750,98.1,0.9582804539731719
2025-11-30T06:48:19.684039Z,750,98.1,0.8937041437357248
2025-11-30T06:48:19.696094Z,750,98.1,0.8704196202648113
2025-11-30T06:48:19.707835Z,750,98.1,0.8655901203519276
2025-11-30T06:48:19.720965Z,750,98.1,0.821620558054263
2025-11-30T06:48:19.733505Z,750,98.1,0.7887469421430495
2025-11-30T06:48:19.745891Z,727,98.1,0.8315512459534347
2025-11-30T06:48:19.757734Z,728,98.1,0.7475433138731361
2025-11-30T06:48:19.769349Z,728,98.1,0.731929875396415
2025-11-30T06:48:19.782252Z,728,98.1,0.6475119374501571
2025-11-30T06:48:19.793855Z,728,98.1,0.6251272871210953
2025-11-30T06:48:19.806386Z,728,98.1,0.566008376059508
2025-11-30T06:48:19.817758Z,728,98.1,0.5640083123180746
2025-11-30T06:48:19.830138Z,728,98.1,0.49132460441677633
2025-11-30T06:48:19.842324Z,728,98.1,0.6030899822312634
2025-11-30T06:48:19.853926Z,729,98.1,0.48326071441733237
2025-11-30T06:48:19.866313Z,729,98.0,0.4001572499942657
2025-11-30T06:48:19.878017Z,729,98.0,0.3624285934488305
2025-11-30T06:48:19.889870Z,729,98.0,0.3173195181422381
2025-11-30T06:48:19.902165Z,729,98.0,0.2662993421433588
2025-11-30T06:48:19.914836Z,729,98.0,0.24976509341998046
2025-11-30T06:48:19.926770Z,729,98.0,0.17598041272163242
2025-11-30T06:48:19.939211Z,729,98.0,0.2492429946755519
2025-11-30T06:48:19.951485Z,729,98.0,0.19903431083543519
2025-11-30T06:48:19.963499Z,729,98.0,0.10658409856661266
2025-11-30T06:48:19.975351Z,729,98.0,0.12995218423164315
2025-11-30T06:48:19.987394Z,729,98.0,0.037267920739261565
2025-11-30T06:48:20.000089Z,729,98.0,0.07110350049735548
2025-11-30T06:48:20.012189Z,729,98.0,0.06407940539848983
2025-11-30T06:48:20.024181Z,729,98.0,0.02096099102666704
2025-11-30T06:48:20.036449Z,729,98.1,0.10797935253240708
2025-11-30T06:48:20.048840Z,729,98.1,0.06030375598796481
2025-11-30T06:48:20.060621Z,729,98.1,0.04843041696120792
2025-11-30T06:48:20.072707Z,715,98.1,0
2025-11-30T06:48:20.084801Z,715,98.1,0.0050258920162248475
2025-11-30T06:48:20.096596Z,715,98.1,0.033222851146856566
2025-11-30T06:48:20.108836Z,706,98.1,0.016425918997461042
2025-11-30T06:48:20.121932Z,706,98.1,0.0006189230480500279
2025-11-30T06:48:20.133376Z,706,98.1,0.14039625413153198
2025-11-30T06:48:20.145474Z,706,98.1,0.0547129865009598
2025-11-30T06:48:20.157357Z,706,98.1,0.11938478811663873
2025-11-30T06:48:20.169426Z,714,98.1,0.11262618347223302
2025-11-30T06:48:20.181535Z,714,98.1,0.1317008358197091
2025-11-30T06:48:20.194102Z,714,98.1,0.16540140333582773
2025-11-30T06:48:20.206013Z,705,98.1,0.1552269342892986
2025-11-30T06:48:20.218151Z,705,98.1,0.21094845096749115
2025-11-30T06:48:20.230437Z,705,98.1,0.3782332583860628
2025-11-30T06:48:20.242849Z,705,98.1,0.3203405933715315
2025-11-30T06:48:20.255102Z,705,98.1,0.33672721165922526
2025-11-30T06:48:20.266720Z,692,98.1,0.34171471644741325
2025-11-30T06:48:20.278287Z,715,98.1,0.41969834633396114
2025-11-30T06:48:20.290083Z,715,98.1,0.4021316713830762
2025-11-30T06:48:20.302188Z,738,98.1,0.4784402210022542
2025-11-30T06:48:20.314313Z,721,98.1,0.48458196280210475
2025-11-30T06:48:20.326938Z,721,98.1,0.6418136286369308
2025-11-30T06:48:20.339198Z,628,98.1,0.5965676495977336
2025-11-30T06:48:20.351336Z,628,98.0,0.6000859856722213
2025-11-30T06:48:20.363626Z,625,98.0,0.647922958453205
2025-11-30T06:48:20.375018Z,625,98.0,0.7004205657615407
2025-11-30T06:48:20.386559Z,625,98.0,0.7063162820772196
2025-11-30T06:48:20.399071Z,625,98.0,0.735854161365929
2025-11-30T06:48:20.411287Z,625,98.0,0.7741226627568927
2025-11-30T06:48:20.423827Z,625,98.0,0.9265015606892736
2025-11-30T06:48:20.436496Z,628,98.0,0.8838247952956378
2025-11-30T06:48:20.448988Z,628,98.0,0.9006774015802073
2025-11-30T06:48:20.461910Z,641,98.0,0.8843548032147474
2025-11-30T06:48:20.473471Z,641,98.0,0.9266998325734165
2025-11-30T06:48:20.484783Z,641,98.0,0.9454857932549913
2025-11-30T06:48:20.498467Z,641,98.0,0.9737894330016859
2025-11-30T06:48:20.510273Z,653,98.0,0.9591352157652984
2025-11-30T06:48:20.522393Z,653,98.0,1.0764567685015198
2025-11-30T06:48:20.533828Z,669,98.1,1.0123347962051195
2025-11-30T06:48:20.546110Z,669,98.1,1.0304344662517553
2025-11-30T06:48:20.557571Z,767,98.1,0.9994453500286806
2025-11-30T06:48:20.569790Z,744,98.1,1.0151970477765189
2025-11-30T06:48:20.581982Z,744,98.1,1.019118231532983
2025-11-30T06:48:20.594415Z,736,98.1,0.9862280629947178
2025-11-30T06:48:20.607760Z,736,98.1,0.944564297947637
2025-11-30T06:48:20.620665Z,736,98.1,1.063989427015905
2025-11-30T06:48:20.633453Z,750,98.1,0.9740508390431403
2025-11-30T06:48:20.645615Z,750,98.1,0.9618806403410934
2025-11-30T06:48:20.658103Z,750,98.1,0.9100557970489288
2025-11-30T06:48:20.670422Z,750,98.1,0.8796396063856778
2025-11-30T06:48:20.682896Z,750,98.1,0.8822286028393977
2025-11-30T06:48:20.695266Z,758,98.1,0.8439877230658344
2025-11-30T06:48:20.707820Z,758,98.1,0.7825687803935862
2025-11-30T06:48:20.720241Z,758,98.1,0.8845675814620503
2025-11-30T06:48:20.732346Z,772,98.1,0.7774126008332232
2025-11-30T06:48:20.744634Z,772,98.1,0.7281544040218558
2025-11-30T06:48:20.756849Z,772,98.1,0.6740066305629117
2025-11-30T06:48:20.769152Z,772,98.1,0.6280560514284143
2025-11-30T06:48:20.780798Z,772,98.1,0.5503096070405666
2025-11-30T06:48:20.792244Z,772,98.1,0.5385552608964405
2025-11-30T06:48:20.804753Z,772,98.1,0.46900283442175306
2025-11-30T06:48:20.817203Z,772,98.1,0.5816630936824534
2025-11-30T06:48:20.829795Z,772,98.1,0.45591536292214746
2025-11-30T06:48:20.841939Z,772,98.0,0.36503600152900156
2025-11-30T06:48:20.854605Z,772,98.0,0.3401459365609521
2025-11-30T06:48:20.867328Z,772,98.0,0.3117443354587039
2025-11-30T06:48:20.880413Z,772,98.0,0.29605300452596334
2025-11-30T06:48:20.892769Z,772,98.0,0.24742860681554832
2025-11-30T06:48:20.905129Z,772,98.0,0.18165629402174463
2025-11-30T06:48:20.917401Z,772,98.0,0.27416837089378676
2025-11-30T06:48:20.930039Z,772,98.0,0.151028528511386
2025-11-30T06:48:20.942615Z,772,98.0,0.12574804127923453
2025-11-30T06:48:20.954962Z,772,98.0,0.1197245088201127
2025-11-30T06:48:20.967179Z,772,98.0,0.09906409374209502
2025-11-30T06:48:20.978882Z,772,98.0,0.05542875314046625
2025-11-30T06:48:20.990297Z,772,98.0,0.056356491702076746
2025-11-30T06:48:21.002403Z,772,98.0,0.005999494736681273
2025-11-30T06:48:21.014840Z,772,98.1,0.13907259037494082
2025-11-30T06:48:21.027274Z,772,98.1,0.03570124450017072
2025-11-30T06:48:21.040323Z,772,98.1,0.008292902934353391
2025-11-30T06:48:21.052147Z,773,98.1,0.03138769911300025
2025-11-30T06:48:21.064682Z,773,98.1,0
2025-11-30T06:48:21.076920Z,773,98.1,0.01348570049048292
2025-11-30T06:48:21.089234Z,773,98.1,0
2025-11-30T06:48:21.102005Z,772,98.1,0.008004756881505154
2025-11-30T06:48:21.114290Z,772,98.1,0.15194178643510448
2025-11-30T06:48:21.126824Z,772,98.1,0.1113600806593126
2025-11-30T06:48:21.139033Z,772,98.1,0.11614922920686778
2025-11-30T06:48:21.151895Z,764,98.1,0.1311582855468093
2025-11-30T06:48:21.164516Z,764,98.1,0.139047932776662
2025-11-30T06:48:21.176526Z,764,98.1,0.15118731123958662
2025-11-30T06:48:21.188168Z,764,98.1,0.19316952467759826
2025-11-30T06:48:21.200230Z,764,98.1,0.19224135770114845
2025-11-30T06:48:21.212604Z,750,98.1,0.350235227954493
2025-11-30T06:48:21.225363Z,750,98.1,0.32769683771588215
2025-11-30T06:48:21.238222Z,750,98.1,0.3445598119365862
2025-11-30T06:48:21.250629Z,738,98.1,0.35067513467728256
2025-11-30T06:48:21.262984Z,738,98.1,0.3982534605189976
2025-11-30T06:48:21.275390Z,762,98.1,0.4159298235421443
2025-11-30T06:48:21.287553Z,762,98.1,0.48826324058429393
2025-11-30T06:48:21.299756Z,773,98.1,0.48780292004816567
2025-11-30T06:48:21.312171Z,773,98.1,0.6775505222486051
2025-11-30T06:48:21.324699Z,689,98.1,0.6000528760379773
2025-11-30T06:48:21.336990Z,689,98.0,0.6163150637465455
2025-11-30T06:48:21.349386Z,676,98.0,0.6802700982903653
2025-11-30T06:48:21.361808Z,676,98.0,0.7126515385364692
2025-11-30T06:48:21.374192Z,676,98.0,0.7495421684674566
2025-11-30T06:48:21.385854Z,676,98.0,0.7426923389941648
2025-11-30T06:48:21.397471Z,676,98.0,0.8211645044414069
2025-11-30T06:48:21.408764Z,676,98.0,0.9631031701013444
2025-11-30T06:48:21.421614Z,689,98.0,0.884893131402412
2025-11-30T06:48:21.433987Z,689,98.0,0.9091597407642785
2025-11-30T06:48:21.446636Z,703,98.0,0.8915325021958713
2025-11-30T06:48:21.459052Z,703,98.0,0.9422545134443924
2025-11-30T06:48:21.471399Z,719,98.0,0.9421262377218582
2025-11-30T06:48:21.483950Z,719,98.0,0.9983629173178965
2025-11-30T06:48:21.496125Z,719,98.0,1.003720673833526
2025-11-30T06:48:21.509019Z,719,98.1,1.07523524507192
2025-11-30T06:48:21.520881Z,730,98.1,1.0155372598253471
2025-11-30T06:48:21.533288Z,840,98.1,1.0091298022925586
2025-11-30T06:48:21.544829Z,840,98.1,1.0212489700076925
2025-11-30T06:48:21.556342Z,840,98.1,1.022509583148096
2025-11-30T06:48:21.569314Z,827,98.1,0.9785788004426109
2025-11-30T06:48:21.581987Z,827,98.1,0.9576720889150024
2025-11-30T06:48:21.594027Z,827,98.1,0.9575678305102941
2025-11-30T06:48:21.605857Z,827,98.1,1.0827460313015613
2025-11-30T06:48:21.618340Z,837,98.1,0.9955167563005765
2025-11-30T06:48:21.630890Z,837,98.1,0.9655849369224915
2025-11-30T06:48:21.642573Z,837,98.1,0.9220827530188085
2025-11-30T06:48:21.654693Z,837,98.1,0.868795383020848
2025-11-30T06:48:21.667532Z,837,98.1,0.8753812593131436
2025-11-30T06:48:21.680070Z,844,98.1,0.842849522105036
2025-11-30T06:48:21.693247Z,844,98.1,0.8287662575688196
2025-11-30T06:48:21.705020Z,844,98.1,0.911371513315132
2025-11-30T06:48:21.716607Z,835,98.1,0.798931049897041
2025-11-30T06:48:21.728887Z,835,98.1,0.7320194076337755
2025-11-30T06:48:21.741161Z,835,98.1,0.6416681911816495
2025-11-30T06:48:21.753569Z,835,98.1,0.6213061371171614
2025-11-30T06:48:21.765909Z,835,98.1,0.6143245253577143
2025-11-30T06:48:21.778303Z,835,98.1,0.5399958558359392
2025-11-30T06:48:21.790535Z,835,98.1,0.49078987388132334
2025-11-30T06:48:21.802301Z,835,98.1,0.5537788184084963
2025-11-30T06:48:21.814572Z,835,98.1,0.4483784028390691
2025-11-30T06:48:21.826773Z,835,98.0,0.4033244796094584
2025-11-30T06:48:21.839273Z,835,98.0,0.3730160592888444
2025-11-30T06:48:21.851850Z,835,98.0,0.3094699882259451
2025-11-30T06:48:21.864082Z,812,98.0,0.26145660830833334
2025-11-30T06:48:21.876488Z,812,98.0,0.20814605666482025
2025-11-30T06:48:21.889012Z,812,98.0,0.19363186747116745
2025-11-30T06:48:21.900803Z,812,98.0,0.28212032299780254
2025-11-30T06:48:21.912444Z,812,98.0,0.18742406791704005
2025-11-30T06:48:21.924777Z,812,98.0,0.14465407517730322
2025-11-30T06:48:21.936563Z,812,98.0,0.11018930564776876
2025-11-30T06:48:21.948820Z,812,98.0,0.09131413799470316
2025-11-30T06:48:21.961055Z,835,98.0,0.07567149527354705
2025-11-30T06:48:21.973612Z,835,98.0,0.07754289672039472
2025-11-30T06:48:21.986151Z,835,98.0,0.005695010060927524
2025-11-30T06:48:21.998080Z,835,98.1,0.0961174264912875
2025-11-30T06:48:22.010394Z,835,98.1,0.029582585412747556
2025-11-30T06:48:22.022833Z,835,98.1,0.05768110627320982
2025-11-30T06:48:22.035296Z,835,98.1,0.032350633056084134
2025-11-30T06:48:22.047672Z,835,98.1,0.030351333288763688
2025-11-30T06:48:22.059283Z,835,98.1,0.01202072181979131
2025-11-30T06:48:22.072089Z,835,98.1,0.0026634467634934506
2025-11-30T06:48:22.084398Z,835,98.1,0.023791598362840803
2025-11-30T06:48:22.097233Z,835,98.1,0.19131620155082013
2025-11-30T06:48:22.109948Z,818,98.1,0.0735040615488748
2025-11-30T06:48:22.122303Z,841,98.1,0.084888384807357
2025-11-30T06:48:22.134623Z,828,98.1,0.08485822741586366
2025-11-30T06:48:22.146132Z,828,98.1,0.09952819451278348
2025-11-30T06:48:22.158598Z,828,98.1,0.15215926028766835
2025-11-30T06:48:22.170790Z,814,98.1,0.15651517393209455
2025-11-30T06:48:22.183436Z,814,98.1,0.23212377960883762
2025-11-30T06:48:22.195315Z,814,98.1,0.33296957012807193
2025-11-30T06:48:22.207154Z,797,98.1,0.32713672094345864
2025-11-30T06:48:22.219865Z,797,98.1,0.31093646829704386
2025-11-30T06:48:22.231472Z,786,98.1,0.3522919853367525
2025-11-30T06:48:22.243170Z,786,98.1,0.39876181998898486
2025-11-30T06:48:22.256665Z,785,98.1,0.41402703933189317
2025-11-30T06:48:22.269434Z,785,98.1,0.4873035185466679
2025-11-30T06:48:22.280939Z,791,98.1,0.49499847611438863
2025-11-30T06:48:22.292614Z,791,98.1,0.6744513338439885
2025-11-30T06:48:22.304421Z,689,98.1,0.6253299406224274
2025-11-30T06:48:22.315867Z,689,98.1,0.627681734981465
2025-11-30T06:48:22.327915Z,678,98.0,0.6956815188087174
2025-11-30T06:48:22.339732Z,692,98.0,0.6893368286150291
2025-11-30T06:48:22.351401Z,692,98.0,0.759578639335854
2025-11-30T06:48:22.364047Z,707,98.0,0.7533294629087898
2025-11-30T06:48:22.375878Z,696,98.0,0.7840263117609864
2025-11-30T06:48:22.387626Z,696,98.0,0.9310791073257862
2025-11-30T06:48:22.400243Z,709,98.0,0.8880649705250986
2025-11-30T06:48:22.413052Z,709,98.0,0.898275551629319
2025-11-30T06:48:22.425112Z,724,98.0,0.889156557818438
2025-11-30T06:48:22.437280Z,724,98.0,0.9552679191251641
2025-11-30T06:48:22.449346Z,724,98.0,0.9744058672566642
2025-11-30T06:48:22.461847Z,724,98.0,0.9961308055827582
2025-11-30T06:48:22.473656Z,724,98.1,0.999744463709701
2025-11-30T06:48:22.486151Z,724,98.1,1.0890539753950983
2025-11-30T06:48:22.498051Z,730,98.1,1.0206973094494045
2025-11-30T06:48:22.510532Z,824,98.1,0.995421892721905
2025-11-30T06:48:22.523047Z,824,98.1,0.9995531255051114
2025-11-30T06:48:22.535413Z,800,98.1,1.0122001509967917
2025-11-30T06:48:22.547517Z,811,98.1,1.0079206739829627
2025-11-30T06:48:22.560029Z,811,98.1,0.978317459692133
2025-11-30T06:48:22.571892Z,811,98.1,0.9655207604213477
2025-11-30T06:48:22.584206Z,811,98.1,1.0581241472711296
2025-11-30T06:48:22.595819Z,821,98.1,0.9749960441114048
2025-11-30T06:48:22.608485Z,821,98.1,0.9506160317890847
2025-11-30T06:48:22.621005Z,821,98.1,0.8852401919484351
2025-11-30T06:48:22.633564Z,821,98.1,0.9092958767238251
2025-11-30T06:48:22.645998Z,831,98.1,0.8506977586242876
2025-11-30T06:48:22.658209Z,831,98.1,0.8392852595480549
2025-11-30T06:48:22.670425Z,831,98.1,0.7669666707593729
2025-11-30T06:48:22.682764Z,809,98.1,0.844788830173135
2025-11-30T06:48:22.694628Z,819,98.1,0.7533503897187661
2025-11-30T06:48:22.707335Z,819,98.1,0.7210129830668621
2025-11-30T06:48:22.719424Z,819,98.1,0.6618204431228978
2025-11-30T06:48:22.731737Z,819,98.1,0.616469008631935
2025-11-30T06:48:22.743634Z,819,98.1,0.5991702473392281
2025-11-30T06:48:22.755688Z,819,98.1,0.5326028605609049
2025-11-30T06:48:22.768063Z,819,98.1,0.4818332769228194
2025-11-30T06:48:22.780458Z,819,98.1,0.5574180938272185
2025-11-30T06:48:22.792480Z,819,98.1,0.47123677225021915
2025-11-30T06:48:22.804623Z,797,98.0,0.4429644871176153
2025-11-30T06:48:22.816785Z,797,98.0,0.33821769552764036
2025-11-30T06:48:22.828216Z,797,98.0,0.3232628165705496
2025-11-30T06:48:22.840074Z,797,98.0,0.29898583374443055
2025-11-30T06:48:22.852001Z,797,98.0,0.22578988956002674
2025-11-30T06:48:22.864330Z,797,98.0,0.21033551996738523
2025-11-30T06:48:22.876923Z,797,98.0,0.30882172902314264
2025-11-30T06:48:22.889435Z,797,98.0,0.17961315196426242
2025-11-30T06:48:22.901823Z,797,98.0,0.12444939411018227
2025-11-30T06:48:22.914010Z,797,98.0,0.12559886846122167
2025-11-30T06:48:22.926857Z,797,98.0,0.052329737291333916
2025-11-30T06:48:22.938496Z,797,98.0,0.04275287024951909
2025-11-30T06:48:22.951134Z,797,98.0,0.019783744629004986
2025-11-30T06:48:22.963650Z,797,98.0,0.061438308460830066
2025-11-30T06:48:22.976505Z,819,98.1,0.16565859498071517
2025-11-30T06:48:22.988998Z,819,98.1,0.03654691843728526
2025-11-30T06:48:23.001002Z,819,98.1,0.014017050629494408
2025-11-30T06:48:23.013555Z,819,98.1,0.009492691417485953
2025-11-30T06:48:23.025711Z,818,98.1,0.020194143423105874
2025-11-30T06:48:23.037806Z,818,98.1,0.048217363352747435
2025-11-30T06:48:23.049993Z,818,98.1,0.036404244704036096
2025-11-30T06:48:23.062423Z,818,98.1,0.02992517720232643
2025-11-30T06:48:23.074690Z,818,98.1,0.154621286511538
2025-11-30T06:48:23.086673Z,818,98.1,0.07588141182213709
2025-11-30T06:48:23.099089Z,818,98.1,0.10165451593897373
2025-11-30T06:48:23.111276Z,844,98.1,0.09170635746619947
2025-11-30T06:48:23.123908Z,844,98.1,0.11837250851617481
2025-11-30T06:48:23.137216Z,844,98.1,0.13475381675322806
2025-11-30T06:48:23.148966Z,844,98.1,0.15268301399650144
2025-11-30T06:48:23.161180Z,844,98.1,0.2246890780864642
2025-11-30T06:48:23.173214Z,844,98.1,0.3291302819693646
2025-11-30T06:48:23.186101Z,844,98.1,0.32814838030230237
2025-11-30T06:48:23.198752Z,844,98.1,0.3367531034252558
2025-11-30T06:48:23.212723Z,827,98.1,0.3748162457906357
2025-11-30T06:48:23.224579Z,827,98.1,0.37530818327916615
2025-11-30T06:48:23.236708Z,811,98.1,0.42554742788421274
2025-11-30T06:48:23.248470Z,834,98.1,0.4793616394524327
2025-11-30T06:48:23.260936Z,834,98.1,0.5310109708154578
2025-11-30T06:48:23.272850Z,820,98.1,0.6426113013121995
2025-11-30T06:48:23.285015Z,730,98.1,0.6348327924234511
2025-11-30T06:48:23.297411Z,730,98.1,0.6389185439552993
2025-11-30T06:48:23.309660Z,729,98.0,0.664264887309171
2025-11-30T06:48:23.322304Z,729,98.0,0.6750581994066696
2025-11-30T06:48:23.334513Z,729,98.0,0.7523164157589641
2025-11-30T06:48:23.347080Z,737,98.0,0.748885464649526
2025-11-30T06:48:23.359267Z,737,98.0,0.802921391417148
2025-11-30T06:48:23.373175Z,737,98.0,0.9202822564282845
2025-11-30T06:48:23.384676Z,750,98.0,0.9085607706450203
2025-11-30T06:48:23.396037Z,750,98.0,0.906300112947449
2025-11-30T06:48:23.407753Z,750,98.0,0.9260560335421626
2025-11-30T06:48:23.419359Z,750,98.0,0.9549267817406316
2025-11-30T06:48:23.431218Z,750,98.0,0.9685398130495934
2025-11-30T06:48:23.443492Z,758,98.0,0.9565091228488016
2025-11-30T06:48:23.455523Z,758,98.0,0.9564494230438921
2025-11-30T06:48:23.467637Z,758,98.1,1.1240912507633312
2025-11-30T06:48:23.480238Z,770,98.1,1.0433109528613262
2025-11-30T06:48:23.493133Z,770,98.1,1.0563751325681479
2025-11-30T06:48:23.505756Z,860,98.1,1.0397048188923883
2025-11-30T06:48:23.518490Z,860,98.1,1.0346551293705681
2025-11-30T06:48:23.530835Z,837,98.1,1.0013492964482977
2025-11-30T06:48:23.543579Z,837,98.1,1.016146527272422
2025-11-30T06:48:23.556502Z,847,98.1,0.9910877096831017
2025-11-30T06:48:23.568785Z,847,98.1,1.1105114916530834
2025-11-30T06:48:23.581089Z,864,98.1,0.9871997616153049
2025-11-30T06:48:23.594001Z,864,98.1,0.9236347378278187
2025-11-30T06:48:23.606507Z,864,98.1,0.9325359665556755
2025-11-30T06:48:23.618857Z,876,98.1,0.8997104830909057
2025-11-30T06:48:23.631659Z,876,98.1,0.8841526567746023
2025-11-30T06:48:23.643417Z,876,98.1,0.8262736491882727
2025-11-30T06:48:23.654980Z,854,98.1,0.7976751597479582
2025-11-30T06:48:23.666467Z,854,98.1,0.8621903797858964
2025-11-30T06:48:23.678098Z,860,98.1,0.790021309752703
2025-11-30T06:48:23.690563Z,860,98.1,0.7051453159096083
2025-11-30T06:48:23.702138Z,860,98.1,0.6437687509724361
2025-11-30T06:48:23.713551Z,860,98.1,0.6136029440662718
2025-11-30T06:48:23.725238Z,860,98.1,0.6123242443778578
2025-11-30T06:48:23.736506Z,860,98.1,0.5224664852032568
2025-11-30T06:48:23.748003Z,860,98.1,0.5352718882509834
2025-11-30T06:48:23.759315Z,860,98.1,0.5942068007636575
2025-11-30T06:48:23.770659Z,860,98.1,0.49320596760288177
2025-11-30T06:48:23.782043Z,860,98.1,0.3914227126185647
2025-11-30T06:48:23.793867Z,860,98.0,0.3775589705994288
2025-11-30T06:48:23.805328Z,860,98.0,0.33270586121011053
2025-11-30T06:48:23.816630Z,860,98.0,0.2607396261591904
2025-11-30T06:48:23.828073Z,860,98.0,0.2513636981740978
2025-11-30T06:48:23.839771Z,860,98.0,0.24061072410505047
2025-11-30T06:48:23.851018Z,860,98.0,0.29890592857258275
2025-11-30T06:48:23.862937Z,860,98.0,0.16627481338439676
2025-11-30T06:48:23.874213Z,860,98.0,0.17408734959281488
2025-11-30T06:48:23.885766Z,860,98.0,0.13896982131701408
2025-11-30T06:48:23.897019Z,860,98.0,0.06704090806505561
2025-11-30T06:48:23.908263Z,860,98.0,0.0731194322310729
2025-11-30T06:48:23.919781Z,860,98.1,0.041291407108680754
2025-11-30T06:48:23.931111Z,860,98.1,0.033598084479369864
2025-11-30T06:48:23.942784Z,860,98.1,0.12088906858707511
2025-11-30T06:48:23.954540Z,860,98.1,0.07797783865088408
2025-11-30T06:48:23.966952Z,860,98.1,0
2025-11-30T06:48:23.979776Z,864,98.1,0.014244318573676041
2025-11-30T06:48:23.991997Z,864,98.1,0.046369536289007106
2025-11-30T06:48:24.003571Z,864,98.1,0.04290063513720208
2025-11-30T06:48:24.015960Z,864,98.1,0.026408215536770988
2025-11-30T06:48:24.028405Z,860,98.1,0.013736252069041395
2025-11-30T06:48:24.040909Z,860,98.1,0.1655224462823182
2025-11-30T06:48:24.053166Z,860,98.1,0.1250057503011169
2025-11-30T06:48:24.065481Z,860,98.1,0.07252452465272688
2025-11-30T06:48:24.076901Z,844,98.1,0.0891195969934737
2025-11-30T06:48:24.088965Z,867,98.1,0.1336952212620835
2025-11-30T06:48:24.100895Z,857,98.1,0.14813935952607993
2025-11-30T06:48:24.113499Z,857,98.1,0.20345983363927517
2025-11-30T06:48:24.125692Z,857,98.1,0.23488298405132055
2025-11-30T06:48:24.137221Z,857,98.1,0.34849880184706145
2025-11-30T06:48:24.149452Z,841,98.1,0.30744323037860866
2025-11-30T06:48:24.162749Z,841,98.1,0.33240302154462753
2025-11-30T06:48:24.175366Z,824,98.1,0.3300568199328195
2025-11-30T06:48:24.187623Z,824,98.1,0.39076917423487517
2025-11-30T06:48:24.199636Z,811,98.1,0.4424447526780548
2025-11-30T06:48:24.211171Z,834,98.1,0.4663184311848262
2025-11-30T06:48:24.223119Z,834,98.1,0.49714755334987637
2025-11-30T06:48:24.235218Z,820,98.1,0.6424942912328859
2025-11-30T06:48:24.247731Z,750,98.1,0.6216409793907796
2025-11-30T06:48:24.259948Z,750,98.1,0.6530379240566784
2025-11-30T06:48:24.272562Z,742,98.1,0.6599671696004948
2025-11-30T06:48:24.284475Z,742,98.0,0.7024128435954643
2025-11-30T06:48:24.296181Z,742,98.0,0.7549899489111924
2025-11-30T06:48:24.308473Z,742,98.0,0.772916239010821
2025-11-30T06:48:24.320600Z,742,98.0,0.787927409944628
2025-11-30T06:48:24.333248Z,729,98.0,0.9557171347949341
2025-11-30T06:48:24.346415Z,730,98.0,0.9157307147804632
2025-11-30T06:48:24.362145Z,730,98.0,0.8788915791459699
2025-11-30T06:48:24.379720Z,729,98.0,0.929197604213782
2025-11-30T06:48:24.391813Z,742,98.0,0.9063996093610585
2025-11-30T06:48:24.404394Z,742,98.0,0.9402137545125288
2025-11-30T06:48:24.416005Z,742,98.0,0.9780656891351903
2025-11-30T06:48:24.427728Z,755,98.1,0.9660318048416396
2025-11-30T06:48:24.439716Z,755,98.1,1.0689622070994425
2025-11-30T06:48:24.451318Z,750,98.1,1.0269135111181593
2025-11-30T06:48:24.463391Z,750,98.1,1.036132067829821
2025-11-30T06:48:24.475658Z,837,98.1,0.9920312696698962
2025-11-30T06:48:24.487477Z,837,98.1,1.023406033247329
2025-11-30T06:48:24.498969Z,837,98.1,1.033299590828539
2025-11-30T06:48:24.511070Z,851,98.1,1.0127601967112652
2025-11-30T06:48:24.523137Z,851,98.1,0.9901088879464719
2025-11-30T06:48:24.535086Z,851,98.1,1.0761689277667403
2025-11-30T06:48:24.546815Z,864,98.1,0.9730074786096289
2025-11-30T06:48:24.558547Z,864,98.1,0.959757231504581
2025-11-30T06:48:24.569910Z,864,98.1,0.9396913387988468
2025-11-30T06:48:24.581417Z,864,98.1,0.8593867342084026
2025-11-30T06:48:24.593525Z,864,98.1,0.8902080023143508
2025-11-30T06:48:24.604985Z,870,98.1,0.8184406347439596
2025-11-30T06:48:24.616679Z,870,98.1,0.7660669874186103
2025-11-30T06:48:24.628507Z,870,98.1,0.9137968008726596
2025-11-30T06:48:24.640450Z,882,98.1,0.7711748393513036
2025-11-30T06:48:24.651850Z,860,98.1,0.6966461135098797
2025-11-30T06:48:24.663209Z,860,98.1,0.654459594066784
2025-11-30T06:48:24.675909Z,860,98.1,0.6344013157006563
2025-11-30T06:48:24.688351Z,860,98.1,0.6060534209514148
2025-11-30T06:48:24.699807Z,860,98.1,0.5518993485279188
2025-11-30T06:48:24.711503Z,860,98.1,0.5021061929508623
2025-11-30T06:48:24.723498Z,860,98.1,0.5964770230575692
2025-11-30T06:48:24.735205Z,860,98.1,0.49089024306074697
2025-11-30T06:48:24.747114Z,860,98.1,0.4276905597096931
2025-11-30T06:48:24.759033Z,860,98.0,0.34574453656929044
2025-11-30T06:48:24.770319Z,860,98.0,0.3144457607138363
2025-11-30T06:48:24.781884Z,860,98.0,0.2962845823385718
2025-11-30T06:48:24.793721Z,860,98.0,0.24614229008787072
2025-11-30T06:48:24.805079Z,860,98.0,0.19117918380853058
2025-11-30T06:48:24.816692Z,860,98.0,0.31870061804211897
2025-11-30T06:48:24.829067Z,860,98.0,0.17993191830239316
2025-11-30T06:48:24.841004Z,860,98.0,0.1614629008931929
2025-11-30T06:48:24.852592Z,860,98.0,0.08208762962300425
2025-11-30T06:48:24.864219Z,860,98.0,0.06773438956271408
2025-11-30T06:48:24.875899Z,860,98.0,0.09532438747664639
2025-11-30T06:48:24.887787Z,860,98.1,0.040502887995423786
2025-11-30T06:48:24.899524Z,860,98.1,0.018827305026996966
2025-11-30T06:48:24.911766Z,860,98.1,0.11248160085307479
2025-11-30T06:48:24.923300Z,860,98.1,0.08675690622449395
2025-11-30T06:48:24.934589Z,860,98.1,0
2025-11-30T06:48:24.946329Z,854,98.1,0.04042834177050649
2025-11-30T06:48:24.957750Z,854,98.1,0.03308575531884714
2025-11-30T06:48:24.969578Z,854,98.1,0.04955822051913794
2025-11-30T06:48:24.981823Z,854,98.1,0
2025-11-30T06:48:24.993354Z,851,98.1,0.047235122818587716
2025-11-30T06:48:25.005293Z,860,98.1,0.1865321103851185
2025-11-30T06:48:25.017118Z,860,98.1,0.09486268089120466
2025-11-30T06:48:25.029157Z,860,98.1,0.09798269643650494
2025-11-30T06:48:25.040579Z,844,98.1,0.09228038119727736
2025-11-30T06:48:25.052098Z,844,98.1,0.14730047176768274
2025-11-30T06:48:25.064903Z,828,98.1,0.14168319446846303
2025-11-30T06:48:25.076286Z,828,98.1,0.19487409338107395
2025-11-30T06:48:25.088023Z,818,98.1,0.23987154184958226
2025-11-30T06:48:25.099633Z,818,98.1,0.3471351154745467
2025-11-30T06:48:25.111015Z,818,98.1,0.32694838522987757
2025-11-30T06:48:25.122443Z,818,98.1,0.29843261595647536
2025-11-30T06:48:25.133926Z,808,98.1,0.3308611743447858
2025-11-30T06:48:25.145420Z,808,98.1,0.4004157720006606
2025-11-30T06:48:25.157317Z,808,98.1,0.442583389667639
2025-11-30T06:48:25.169341Z,808,98.1,0.4823630416180126
2025-11-30T06:48:25.181232Z,820,98.1,0.4808729025132438
2025-11-30T06:48:25.192944Z,820,98.1,0.6587589357634094
2025-11-30T06:48:25.204525Z,730,98.1,0.6193495436407479
2025-11-30T06:48:25.215955Z,750,98.1,0.6414856919457516
2025-11-30T06:48:25.227453Z,742,98.1,0.6924869330155266
2025-11-30T06:48:25.239334Z,742,98.0,0.6945600801058481
2025-11-30T06:48:25.251673Z,742,98.0,0.7114870809526989
2025-11-30T06:48:25.262998Z,742,98.0,0.7851520266448851
2025-11-30T06:48:25.274717Z,742,98.0,0.8166349124521761
2025-11-30T06:48:25.286474Z,729,98.0,0.9186806094208555
2025-11-30T06:48:25.297844Z,730,98.0,0.8928294365498058
2025-11-30T06:48:25.309674Z,730,98.0,0.8865314303885672
2025-11-30T06:48:25.321383Z,729,98.0,0.8967575574322298
2025-11-30T06:48:25.332717Z,729,98.0,0.9349054033222736
2025-11-30T06:48:25.344174Z,729,98.0,0.9383203310407178
2025-11-30T06:48:25.356556Z,729,98.0,0.9804227862407432
2025-11-30T06:48:25.367969Z,729,98.1,1.0036335080544687
2025-11-30T06:48:25.379655Z,729,98.1,1.0857478866799164
2025-11-30T06:48:25.391529Z,820,98.1,1.0203519532272929
2025-11-30T06:48:25.403352Z,820,98.1,1.0426892590805978
2025-11-30T06:48:25.414922Z,814,98.1,0.9887770540002239
2025-11-30T06:48:25.426502Z,814,98.1,0.9859416804746194
2025-11-30T06:48:25.438090Z,814,98.1,0.9744870703631624
2025-11-30T06:48:25.449745Z,814,98.1,0.996660283960859
2025-11-30T06:48:25.461352Z,814,98.1,0.9968552273805015
2025-11-30T06:48:25.472729Z,814,98.1,1.0850582490466594
2025-11-30T06:48:25.484254Z,818,98.1,0.9643546307898501
2025-11-30T06:48:25.495832Z,818,98.1,0.9597248434019353
2025-11-30T06:48:25.508092Z,818,98.1,0.9229096786996356
2025-11-30T06:48:25.519551Z,818,98.1,0.8811714558979158
2025-11-30T06:48:25.531238Z,818,98.1,0.8439704272227974
2025-11-30T06:48:25.542860Z,818,98.1,0.8330508678712897
2025-11-30T06:48:25.554113Z,818,98.1,0.7834856980251353
2025-11-30T06:48:25.565825Z,818,98.1,0.8504611715698198
2025-11-30T06:48:25.577879Z,816,98.1,0.7761016069941638
2025-11-30T06:48:25.589179Z,794,98.1,0.7130550862465523
2025-11-30T06:48:25.601537Z,772,98.1,0.6813275571785848
2025-11-30T06:48:25.613218Z,772,98.1,0.6346731447387846
2025-11-30T06:48:25.624450Z,772,98.1,0.5654777751924479
2025-11-30T06:48:25.635866Z,772,98.1,0.5372016381259814
2025-11-30T06:48:25.647219Z,772,98.1,0.5165049485089905
2025-11-30T06:48:25.658811Z,772,98.1,0.5847546911126773
2025-11-30T06:48:25.670380Z,772,98.1,0.4508153198958758
2025-11-30T06:48:25.682643Z,772,98.0,0.39231677895641154
2025-11-30T06:48:25.694404Z,772,98.0,0.3851286635616546
2025-11-30T06:48:25.706123Z,772,98.0,0.29129432214671985
2025-11-30T06:48:25.717327Z,772,98.0,0.2513693742245088
2025-11-30T06:48:25.728929Z,772,98.0,0.2172929255275002
2025-11-30T06:48:25.740398Z,772,98.0,0.22033274402764713
2025-11-30T06:48:25.752061Z,772,98.0,0.2841658596994285
2025-11-30T06:48:25.763633Z,772,98.0,0.1726297970010887
2025-11-30T06:48:25.774954Z,772,98.0,0.1314106998299387
2025-11-30T06:48:25.786884Z,772,98.0,0.08895804298502998
2025-11-30T06:48:25.798579Z,772,98.0,0.054978533329742243
2025-11-30T06:48:25.809813Z,772,98.0,0.03852990016304019
2025-11-30T06:48:25.821079Z,772,98.0,0.06473038077302694
2025-11-30T06:48:25.832338Z,772,98.1,0.059881060432391685
2025-11-30T06:48:25.844006Z,772,98.1,0.1464266256486286
2025-11-30T06:48:25.856089Z,772,98.1,0.019461738025535875
2025-11-30T06:48:25.867382Z,772,98.1,0.003404382941758753
2025-11-30T06:48:25.878823Z,758,98.1,0
2025-11-30T06:48:25.890418Z,758,98.1,0
2025-11-30T06:48:25.901915Z,758,98.1,0
2025-11-30T06:48:25.913271Z,764,98.1,0.002530775631826808
2025-11-30T06:48:25.924953Z,787,98.1,0.02033871441569981
2025-11-30T06:48:25.936208Z,773,98.1,0.17516555942135512
2025-11-30T06:48:25.947850Z,773,98.1,0.09791056470014778
2025-11-30T06:48:25.959201Z,773,98.1,0.08035786992241052
2025-11-30T06:48:25.970978Z,756,98.1,0.11714356583341103
2025-11-30T06:48:25.982426Z,756,98.1,0.12005667814072822
2025-11-30T06:48:25.994713Z,750,98.1,0.1488059681640707
2025-11-30T06:48:26.006626Z,750,98.1,0.17751663169242696
2025-11-30T06:48:26.018425Z,750,98.1,0.20015765630487883
2025-11-30T06:48:26.030342Z,750,98.1,0.3556839841931602
2025-11-30T06:48:26.041773Z,750,98.1,0.3156128411952623
2025-11-30T06:48:26.053119Z,750,98.1,0.3448455603850952
2025-11-30T06:48:26.064481Z,738,98.1,0.3525125587059738
2025-11-30T06:48:26.075745Z,738,98.1,0.40021978885719334
2025-11-30T06:48:26.087097Z,738,98.1,0.4051228430576877
2025-11-30T06:48:26.098747Z,738,98.1,0.48815095974716893
2025-11-30T06:48:26.110026Z,750,98.1,0.4851453489371263
2025-11-30T06:48:26.121779Z,750,98.1,0.6679000382139232
2025-11-30T06:48:26.133421Z,669,98.1,0.6289548678478746
2025-11-30T06:48:26.145265Z,669,98.1,0.6579128409792242
2025-11-30T06:48:26.156854Z,658,98.0,0.6751209295269294
2025-11-30T06:48:26.168396Z,658,98.0,0.6898197022434163
2025-11-30T06:48:26.179760Z,658,98.0,0.7544959291536965
2025-11-30T06:48:26.191177Z,667,98.0,0.741816143699726
2025-11-30T06:48:26.202440Z,655,98.0,0.8091845943963735
2025-11-30T06:48:26.214148Z,655,98.0,0.9196293778940295
2025-11-30T06:48:26.225368Z,669,98.0,0.8608739826997053
2025-11-30T06:48:26.236610Z,669,98.0,0.8844429596206099
2025-11-30T06:48:26.248154Z,667,98.0,0.9208165702391
2025-11-30T06:48:26.259429Z,680,98.0,0.9070634258089915
2025-11-30T06:48:26.270768Z,680,98.0,0.9635642014388635
2025-11-30T06:48:26.282434Z,696,98.0,0.9600645303602429
2025-11-30T06:48:26.294327Z,696,98.1,0.9531684823047046
2025-11-30T06:48:26.307075Z,696,98.1,1.0862523219658908
2025-11-30T06:48:26.318381Z,709,98.1,1.0520700438731423
2025-11-30T06:48:26.330550Z,709,98.1,1.0546409359704076
2025-11-30T06:48:26.342291Z,814,98.1,1.0182975647274306
2025-11-30T06:48:26.353551Z,814,98.1,1.0070104428796423
2025-11-30T06:48:26.365461Z,814,98.1,0.977523218518988
2025-11-30T06:48:26.376958Z,814,98.1,1.0109776919429867
2025-11-30T06:48:26.388234Z,824,98.1,0.9937160469615521
2025-11-30T06:48:26.399508Z,824,98.1,1.0700981128042593
2025-11-30T06:48:26.411214Z,841,98.1,1.0169822453013222
2025-11-30T06:48:26.422550Z,841,98.1,0.9315377473468488
2025-11-30T06:48:26.434165Z,841,98.1,0.8935245417838522
2025-11-30T06:48:26.445337Z,841,98.1,0.9120021638531361
2025-11-30T06:48:26.456876Z,851,98.1,0.8663561316569733
2025-11-30T06:48:26.468225Z,828,98.1,0.8575824080734733
2025-11-30T06:48:26.479692Z,828,98.1,0.7989082797862506
2025-11-30T06:48:26.491115Z,828,98.1,0.8922413628536271
2025-11-30T06:48:26.502617Z,838,98.1,0.7731830611262179
2025-11-30T06:48:26.513927Z,816,98.1,0.6924719712987794
2025-11-30T06:48:26.525201Z,794,98.1,0.6439756719956895
2025-11-30T06:48:26.536886Z,794,98.1,0.6398961996382226
2025-11-30T06:48:26.548526Z,794,98.1,0.5917846027933452
2025-11-30T06:48:26.559855Z,794,98.1,0.5231008981849639
2025-11-30T06:48:26.571442Z,794,98.1,0.4864083928887636
2025-11-30T06:48:26.582714Z,794,98.1,0.5695405511292991
2025-11-30T06:48:26.594022Z,794,98.1,0.45213899986509454
2025-11-30T06:48:26.605630Z,794,98.1,0.3693522021635676
2025-11-30T06:48:26.617273Z,794,98.0,0.34589112157112917
2025-11-30T06:48:26.628748Z,794,98.0,0.3066743637027092
2025-11-30T06:48:26.640294Z,794,98.0,0.28386699308675073
2025-11-30T06:48:26.651833Z,794,98.0,0.25536580438863987
2025-11-30T06:48:26.663432Z,794,98.0,0.2182203957641862
2025-11-30T06:48:26.675134Z,794,98.0,0.28315976790761305
2025-11-30T06:48:26.686405Z,794,98.0,0.179149691025444
2025-11-30T06:48:26.697816Z,794,98.0,0.14500814354330382
2025-11-30T06:48:26.712168Z,794,98.0,0.07727724695876467
2025-11-30T06:48:26.724490Z,794,98.0,0.09046951559741605
2025-11-30T06:48:26.736948Z,794,98.0,0.034241422877701856
2025-11-30T06:48:26.748723Z,794,98.1,0.008489999409508628
2025-11-30T06:48:26.760711Z,794,98.1,0.024126600489909927
2025-11-30T06:48:26.773303Z,794,98.1,0.11812167281424572
2025-11-30T06:48:26.785339Z,794,98.1,0.02405090969242182
2025-11-30T06:48:26.797772Z,794,98.1,0.026466017180122897
2025-11-30T06:48:26.810788Z,787,98.1,0
2025-11-30T06:48:26.822708Z,787,98.1,0
2025-11-30T06:48:26.834374Z,787,98.1,0.038136860030599684
2025-11-30T06:48:26.845896Z,809,98.1,0
2025-11-30T06:48:26.857593Z,831,98.1,0.040814298309169925
2025-11-30T06:48:26.869445Z,818,98.1,0.15916707876143432
2025-11-30T06:48:26.881035Z,818,98.1,0.10162022425485699
2025-11-30T06:48:26.892849Z,818,98.1,0.060223037371151554
2025-11-30T06:48:26.905576Z,834,98.1,0.11599627390524153
2025-11-30T06:48:26.917598Z,834,98.1,0.10700249163548173
2025-11-30T06:48:26.929182Z,834,98.1,0.14117112051860345
2025-11-30T06:48:26.941418Z,834,98.1,0.17248812494604665
2025-11-30T06:48:26.953988Z,834,98.1,0.20725609372621517
2025-11-30T06:48:26.965368Z,820,98.1,0.34218413366694794
2025-11-30T06:48:26.976805Z,818,98.1,0.29277631695107725
2025-11-30T06:48:26.988789Z,818,98.1,0.3093372183912902
2025-11-30T06:48:27.000540Z,802,98.1,0.34643016639573565
2025-11-30T06:48:27.012279Z,802,98.1,0.38962839651617603
2025-11-30T06:48:27.023871Z,791,98.1,0.40409001031012765
2025-11-30T06:48:27.035881Z,791,98.1,0.44415665098133944
2025-11-30T06:48:27.047891Z,791,98.1,0.49808912734257726
2025-11-30T06:48:27.059423Z,791,98.1,0.6306190314085464
2025-11-30T06:48:27.071290Z,689,98.1,0.6141104531655878
2025-11-30T06:48:27.083287Z,689,98.1,0.6045487045372727
2025-11-30T06:48:27.095189Z,676,98.1,0.6506088702299434
2025-11-30T06:48:27.107534Z,676,98.0,0.7103545325327472
2025-11-30T06:48:27.119331Z,687,98.0,0.701619433522561
2025-11-30T06:48:27.131316Z,678,98.0,0.7746427979948005
2025-11-30T06:48:27.143065Z,678,98.0,0.7976594395557116
2025-11-30T06:48:27.154854Z,678,98.0,0.901963009089602
2025-11-30T06:48:27.167033Z,678,98.0,0.9043293991769883
2025-11-30T06:48:27.179214Z,687,98.0,0.9013574869499383
2025-11-30T06:48:27.191003Z,685,98.0,0.9464997300777936
2025-11-30T06:48:27.203219Z,685,98.0,0.9530325071568279
2025-11-30T06:48:27.215348Z,699,98.0,0.9254299475811183
2025-11-30T06:48:27.227549Z,699,98.0,0.9439688218950493
2025-11-30T06:48:27.239398Z,699,98.1,0.9684143535567847
2025-11-30T06:48:27.251430Z,699,98.1,1.0671668272865487
2025-11-30T06:48:27.263244Z,709,98.1,1.042066883734682
2025-11-30T06:48:27.275024Z,709,98.1,1.0018471804423874
2025-11-30T06:48:27.286929Z,797,98.1,1.005095681214018
2025-11-30T06:48:27.298744Z,797,98.1,1.0178453664541145
2025-11-30T06:48:27.310970Z,808,98.1,1.011355840959785
2025-11-30T06:48:27.322569Z,808,98.1,1.0084785078463034
2025-11-30T06:48:27.334466Z,808,98.1,0.981996543801847
2025-11-30T06:48:27.345987Z,808,98.1,1.0401500123671241
2025-11-30T06:48:27.357686Z,818,98.1,0.9949619401563828
2025-11-30T06:48:27.370183Z,795,98.1,0.9262139050935194
2025-11-30T06:48:27.382010Z,795,98.1,0.8904104213668864
2025-11-30T06:48:27.393360Z,795,98.1,0.9050452373762969
2025-11-30T06:48:27.404968Z,806,98.1,0.8679520274336917
2025-11-30T06:48:27.416496Z,806,98.1,0.7970280548801139
2025-11-30T06:48:27.428138Z,806,98.1,0.7694582799170192
2025-11-30T06:48:27.439639Z,784,98.1,0.8704183597418303
2025-11-30T06:48:27.451048Z,794,98.1,0.7645786865234091
2025-11-30T06:48:27.462532Z,794,98.1,0.6845057644414401
2025-11-30T06:48:27.474154Z,794,98.1,0.676606742867561
2025-11-30T06:48:27.485937Z,794,98.1,0.6179366449002723
2025-11-30T06:48:27.497428Z,772,98.1,0.5820328447758034
2025-11-30T06:48:27.509770Z,772,98.1,0.5464008251780558
2025-11-30T06:48:27.521599Z,772,98.1,0.4761804249818309
2025-11-30T06:48:27.533884Z,772,98.1,0.5665851842740819
2025-11-30T06:48:27.545168Z,772,98.1,0.4900051279472849
2025-11-30T06:48:27.557507Z,772,98.1,0.40293369770351617
2025-11-30T06:48:27.570279Z,772,98.0,0.3464258666457044
2025-11-30T06:48:27.581909Z,772,98.0,0.3331269005775664
2025-11-30T06:48:27.593703Z,772,98.0,0.30035290241650875
2025-11-30T06:48:27.605660Z,772,98.0,0.23156591377518307
2025-11-30T06:48:27.617261Z,772,98.0,0.17839106920725478
2025-11-30T06:48:27.628842Z,772,98.0,0.3062248992308993
2025-11-30T06:48:27.641254Z,772,98.0,0.18537968662986523
2025-11-30T06:48:27.653885Z,772,98.0,0.15674779105001266
2025-11-30T06:48:27.665625Z,772,98.0,0.06916897853597534
2025-11-30T06:48:27.677130Z,772,98.0,0.05375199608968523
2025-11-30T06:48:27.689137Z,772,98.0,0.04420340879109446
2025-11-30T06:48:27.700827Z,772,98.1,0.023677615675340068
2025-11-30T06:48:27.712876Z,772,98.1,0.026035416453322174
2025-11-30T06:48:27.725272Z,772,98.1,0.12660990908363734
2025-11-30T06:48:27.737127Z,772,98.1,0.05589781624044765
2025-11-30T06:48:27.748998Z,772,98.1,0.024948913008088523
2025-11-30T06:48:27.760613Z,773,98.1,0
2025-11-30T06:48:27.772304Z,773,98.1,0
2025-11-30T06:48:27.784901Z,795,98.1,0.016738686733974942
2025-11-30T06:48:27.797057Z,795,98.1,0.0006024792835706283
2025-11-30T06:48:27.808893Z,795,98.1,0.00227025234662568
2025-11-30T06:48:27.820607Z,795,98.1,0.17351317858551815
2025-11-30T06:48:27.832578Z,795,98.1,0.07566719090708593
2025-11-30T06:48:27.844557Z,818,98.1,0.06716112661865757
2025-11-30T06:48:27.856203Z,805,98.1,0.11542641732876656
2025-11-30T06:48:27.867505Z,805,98.1,0.0858333485479632
2025-11-30T06:48:27.879165Z,805,98.1,0.15620931731460572
2025-11-30T06:48:27.891142Z,791,98.1,0.17873966935627053
2025-11-30T06:48:27.902472Z,814,98.1,0.1856291304906224
2025-11-30T06:48:27.914226Z,814,98.1,0.34264258526704666
2025-11-30T06:48:27.925522Z,795,98.1,0.29696724740546887
2025-11-30T06:48:27.937252Z,795,98.1,0.34562983863617963
2025-11-30T06:48:27.948740Z,779,98.1,0.3631845847266902
2025-11-30T06:48:27.960561Z,779,98.1,0.4027633079953054
2025-11-30T06:48:27.971849Z,764,98.1,0.40438131310027664
2025-11-30T06:48:27.983960Z,764,98.1,0.45052776646473996
2025-11-30T06:48:27.995465Z,764,98.1,0.5181488511574428
2025-11-30T06:48:28.006830Z,750,98.1,0.6578451806218293
2025-11-30T06:48:28.018309Z,669,98.1,0.6175910609967272
2025-11-30T06:48:28.029904Z,669,98.1,0.6626197721219242
2025-11-30T06:48:28.041967Z,660,98.1,0.6683636144739498
2025-11-30T06:48:28.053280Z,660,98.0,0.6945915832422942
2025-11-30T06:48:28.065859Z,660,98.0,0.7012009760300101
2025-11-30T06:48:28.078062Z,660,98.0,0.7584310961087013
2025-11-30T06:48:28.089485Z,660,98.0,0.8126988681025448
2025-11-30T06:48:28.100638Z,646,98.0,0.897694958572256
2025-11-30T06:48:28.113322Z,646,98.0,0.9014522952217803
2025-11-30T06:48:28.126056Z,646,98.0,0.8644724615578494
2025-11-30T06:48:28.138700Z,644,98.0,0.8957851669441733
2025-11-30T06:48:28.150190Z,644,98.0,0.9170143148443326
2025-11-30T06:48:28.161807Z,658,98.0,0.9072075642032347
2025-11-30T06:48:28.174734Z,658,98.0,0.9310921376030064
2025-11-30T06:48:28.186718Z,658,98.1,0.9526812155872427
2025-11-30T06:48:28.200424Z,658,98.1,1.0738927569591525
2025-11-30T06:48:28.212168Z,669,98.1,0.9987205546943163
2025-11-30T06:48:28.224154Z,669,98.1,1.0059882543118637
2025-11-30T06:48:28.236153Z,767,98.1,0.9973953981865409
2025-11-30T06:48:28.247449Z,767,98.1,1.0113395687380713
2025-11-30T06:48:28.259841Z,785,98.1,0.9971245902281864
2025-11-30T06:48:28.272308Z,785,98.1,1.0054547757512138
2025-11-30T06:48:28.284457Z,802,98.1,0.9681027293689988
2025-11-30T06:48:28.296602Z,802,98.1,1.0447642763010383
2025-11-30T06:48:28.308940Z,818,98.1,0.9906400725099916
2025-11-30T06:48:28.321319Z,795,98.1,0.8988613817669411
2025-11-30T06:48:28.332612Z,773,98.1,0.8793021216152545
2025-11-30T06:48:28.344031Z,773,98.1,0.8693579971741603
2025-11-30T06:48:28.355809Z,773,98.1,0.8610526250942334
2025-11-30T06:48:28.367531Z,773,98.1,0.7911659983823015
2025-11-30T06:48:28.379241Z,773,98.1,0.772789059782213
2025-11-30T06:48:28.390914Z,773,98.1,0.842085486504053
2025-11-30T06:48:28.402541Z,750,98.1,0.7757356993233353
2025-11-30T06:48:28.414919Z,750,98.1,0.723683127919818
2025-11-30T06:48:28.426673Z,750,98.1,0.6513840480609244
2025-11-30T06:48:28.438322Z,750,98.1,0.600826568727703
2025-11-30T06:48:28.449745Z,750,98.1,0.5523663106656154
2025-11-30T06:48:28.461185Z,750,98.1,0.545817217290935
2025-11-30T06:48:28.472944Z,750,98.1,0.4580430028804295
2025-11-30T06:48:28.484758Z,750,98.1,0.5739577886230005
2025-11-30T06:48:28.496504Z,750,98.1,0.4474820652341864
2025-11-30T06:48:28.508581Z,750,98.1,0.3845495283540576
2025-11-30T06:48:28.519967Z,750,98.0,0.3259112202959627
2025-11-30T06:48:28.531838Z,750,98.0,0.3167694259088257
2025-11-30T06:48:28.544096Z,750,98.0,0.27927551733547645
2025-11-30T06:48:28.556493Z,750,98.0,0.21976501398852022
2025-11-30T06:48:28.567895Z,750,98.0,0.18862550568984315
2025-11-30T06:48:28.579231Z,750,98.0,0.2623507627045643
2025-11-30T06:48:28.591398Z,750,98.0,0.17565133066523497
2025-11-30T06:48:28.603323Z,750,98.0,0.12126478409571254
2025-11-30T06:48:28.615147Z,750,98.0,0.0776703099406963
2025-11-30T06:48:28.626780Z,750,98.0,0.04657069078391604
2025-11-30T06:48:28.638032Z,750,98.0,0.05476106015761078
2025-11-30T06:48:28.649834Z,750,98.1,0.030625985453190167
2025-11-30T06:48:28.661554Z,750,98.1,0
2025-11-30T06:48:28.673211Z,750,98.1,0.12536705793105996
2025-11-30T06:48:28.686393Z,750,98.1,0.02138311567460007
2025-11-30T06:48:28.697850Z,750,98.1,0
2025-11-30T06:48:28.709490Z,750,98.1,0
2025-11-30T06:48:28.721055Z,750,98.1,0
2025-11-30T06:48:28.733153Z,750,98.1,0.029079848703756284
2025-11-30T06:48:28.752117Z,750,98.1,0.009595312784184755
2025-11-30T06:48:28.764654Z,750,98.1,0.05133351178400425
2025-11-30T06:48:28.777480Z,773,98.1,0.1524800375870003
2025-11-30T06:48:28.789849Z,773,98.1,0.0895820437599382
2025-11-30T06:48:28.801675Z,773,98.1,0.07323444582059711
2025-11-30T06:48:28.814045Z,773,98.1,0.08776342626519118
2025-11-30T06:48:28.825982Z,773,98.1,0.12220415892100214
2025-11-30T06:48:28.837448Z,773,98.1,0.16461035784026354
2025-11-30T06:48:28.849224Z,795,98.1,0.13832767718396266
2025-11-30T06:48:28.862162Z,818,98.1,0.21841274087252083
2025-11-30T06:48:28.874884Z,818,98.1,0.37150667179530333
2025-11-30T06:48:28.886353Z,818,98.1,0.30903704186209113
2025-11-30T06:48:28.898366Z,818,98.1,0.3192310176708522
2025-11-30T06:48:28.909946Z,802,98.1,0.34397884551852687
2025-11-30T06:48:28.922183Z,802,98.1,0.3876635556393577
2025-11-30T06:48:28.934444Z,797,98.1,0.4185203559170713
2025-11-30T06:48:28.946277Z,797,98.1,0.45453288664301406
2025-11-30T06:48:28.958599Z,797,98.1,0.5029853349327855
2025-11-30T06:48:28.970049Z,797,98.1,0.637736539714804
2025-11-30T06:48:28.981387Z,709,98.1,0.6165809951825687
2025-11-30T06:48:28.993529Z,709,98.1,0.6189622365404068
2025-11-30T06:48:29.004710Z,708,98.1,0.6551901056314936
2025-11-30T06:48:29.016457Z,708,98.0,0.6969164342490841
2025-11-30T06:48:29.028286Z,708,98.0,0.7142114672775466
2025-11-30T06:48:29.039564Z,708,98.0,0.7747624843493649
2025-11-30T06:48:29.051166Z,708,98.0,0.7992753504266248
2025-11-30T06:48:29.063480Z,708,98.0,0.9108117213179774
2025-11-30T06:48:29.075002Z,709,98.0,0.8788327126014683
2025-11-30T06:48:29.086443Z,709,98.0,0.8857685038786415
2025-11-30T06:48:29.097806Z,708,98.0,0.9155640622438649
2025-11-30T06:48:29.109674Z,708,98.0,0.9164109262425122
2025-11-30T06:48:29.121257Z,708,98.0,0.9661587681594184
2025-11-30T06:48:29.133214Z,717,98.0,0.9306523289292934
2025-11-30T06:48:29.144435Z,717,98.1,0.9521881430275048
2025-11-30T06:48:29.156311Z,717,98.1,1.0844652934089178
2025-11-30T06:48:29.168488Z,730,98.1,0.9946979956764979
2025-11-30T06:48:29.179816Z,730,98.1,1.0069322901556892
2025-11-30T06:48:29.192403Z,837,98.1,0.9821509269555369
2025-11-30T06:48:29.203866Z,837,98.1,1.016128741943494
2025-11-30T06:48:29.215715Z,854,98.1,0.9981280239663294
2025-11-30T06:48:29.227256Z,854,98.1,0.9660367334056493
2025-11-30T06:48:29.238621Z,854,98.1,0.9821588456581966
2025-11-30T06:48:29.250444Z,854,98.1,1.0885378958396252
2025-11-30T06:48:29.262762Z,864,98.1,0.9685982747310409
2025-11-30T06:48:29.274371Z,864,98.1,0.9079891259921073
2025-11-30T06:48:29.286166Z,841,98.1,0.9265877520945105
